EDT,Max TemperatureF,Mean TemperatureF,Min TemperatureF,Max Dew PointF,MeanDew PointF,Min DewpointF,Max Humidity, Mean Humidity, Min Humidity, Max Sea Level PressureIn, Mean Sea Level PressureIn, Min Sea Level PressureIn, Max VisibilityMiles, Mean VisibilityMiles, Min VisibilityMiles, Max Wind SpeedMPH, Mean Wind SpeedMPH, Max Gust SpeedMPH,PrecipitationIn, CloudCover, Events, WindDirDegrees,workingDay,Holiday,Date
01/01/14,29,24,19,7,5,3,52,43,34,30.4,30.33,30.2,10,10,10,22,9,29,0,3,,296,1,1,01/01/2014
01/02/14,26,14,2,21,11,-3,88,69,50,30.36,30.14,29.86,4,1,0,32,18,38,0.38,8,Fog-Snow,11,1,0,
01/03/14,14,8,2,1,-4,-12,87,66,45,30.4,29.99,29.72,10,5,0,26,17,36,0.19,4,Fog-Snow,337,1,0,
01/04/14,27,15,2,18,1,-12,69,50,31,30.51,30.38,30.26,10,10,10,24,12,31,0,2,,228,0,0,
01/05/14,38,31,24,36,26,12,100,74,47,30.32,30.19,29.94,10,8,0,23,8,30,0.04,6,Fog-Rain,148,0,0,
01/06/14,56,43,29,54,42,13,100,77,53,29.88,29.5,29.29,10,5,0,25,14,33,0.32,8,Fog-Rain,204,1,0,
01/07/14,29,19,9,11,-6,-13,50,41,31,30.23,29.93,29.53,10,10,10,30,20,41,T,2,,272,1,0,
01/08/14,22,15,7,1,-3,-9,60,48,36,30.45,30.39,30.24,10,10,10,23,13,32,0,1,,259,1,0,
01/09/14,30,25,19,11,5,1,67,49,31,30.65,30.56,30.43,10,10,10,17,9,23,0,2,,256,1,0,
01/10/14,37,28,18,34,25,9,100,80,60,30.61,30.44,30.28,10,5,0,12,5,14,0.02,8,Fog-Snow,179,1,0,
01/11/14,59,47,34,55,46,33,100,93,86,30.25,29.79,29.29,10,3,0,31,12,41,0.54,8,Fog-Rain-Thunderstorm,176,0,0,
01/12/14,54,46,37,50,30,23,89,67,45,29.97,29.61,29.3,10,10,10,29,16,38,T,5,Rain,272,0,0,
01/13/14,51,41,31,43,29,22,86,63,39,30.12,30.03,29.91,10,10,10,21,12,26,0,4,,212,1,0,
01/14/14,50,47,44,46,44,39,100,90,80,29.89,29.74,29.63,10,6,0,17,8,22,0.79,8,Fog-Rain,226,1,0,
01/15/14,48,42,35,39,35,32,92,76,60,30.02,29.94,29.79,10,9,3,15,7,18,T,4,,220,1,0,
01/16/14,39,36,33,37,35,32,100,93,85,29.94,29.89,29.85,4,2,0,8,3,10,0,8,Fog,33,1,0,
01/17/14,46,40,33,36,30,20,92,65,37,29.99,29.94,29.91,10,6,0,17,8,24,0,5,Fog,185,1,0,
01/18/14,38,35,32,36,32,29,92,87,82,29.92,29.74,29.61,10,5,0,12,7,17,0.79,8,Fog-Rain-Snow,17,0,0,
01/19/14,35,33,30,30,25,20,89,73,56,29.73,29.65,29.55,10,7,0,26,15,35,0.03,7,Fog-Snow,243,0,0,
01/20/14,41,34,26,25,21,9,69,56,42,29.86,29.61,29.51,10,10,10,25,15,32,0,7,,245,1,1,
01/21/14,26,19,11,8,3,-6,76,58,40,30.07,29.99,29.88,10,5,1,22,12,28,0.11,7,Snow,352,1,0,
01/22/14,18,13,7,5,-2,-7,83,60,37,29.9,29.77,29.64,10,6,1,24,17,31,T,6,Snow,338,1,0,
01/23/14,22,14,6,-1,-6,-9,58,45,31,30.15,30.03,29.91,10,10,10,22,13,28,0,2,,287,1,0,
01/24/14,19,13,7,0,-6,-9,55,43,30,30.26,30.18,30.07,10,10,10,22,14,26,0,1,,268,1,0,
01/25/14,38,27,15,27,18,1,78,65,51,30.03,29.6,29.34,10,8,2,37,17,48,T,7,Snow,217,0,0,
01/26/14,26,21,16,15,2,-8,68,51,33,29.9,29.72,29.35,10,10,10,32,16,44,0,4,,249,0,0,
01/27/14,47,34,21,37,18,0,81,55,29,29.99,29.73,29.53,10,10,7,28,14,39,0.02,8,Rain,238,1,0,
01/28/14,21,17,13,1,-8,-14,45,35,24,30.31,30.23,30.01,10,10,10,25,13,33,0,6,,273,1,0,
01/29/14,27,21,15,7,-3,-9,61,41,21,30.22,30.11,29.99,10,9,2,22,10,28,0.01,4,Snow,285,1,0,
01/30/14,30,23,16,12,2,-6,62,47,31,30.44,30.33,30.21,10,10,10,17,10,21,0,1,,243,1,0,
01/31/14,43,33,22,23,16,7,81,54,27,30.2,30.1,30.01,10,10,10,18,9,22,0,8,,244,1,0,
02/01/14,42,37,32,28,21,17,75,57,38,30.35,30.24,30.04,10,10,9,17,8,20,0,6,,209,0,0,
02/02/14,55,43,31,38,33,28,89,66,43,30.06,29.94,29.87,10,9,5,15,7,18,0.02,7,Rain,256,0,0,
02/03/14,41,34,27,31,26,21,92,74,56,30.3,30.19,30.08,10,5,1,15,9,18,0.17,8,Snow,11,1,0,
02/04/14,35,29,23,23,18,15,81,64,47,30.45,30.38,30.29,10,10,10,12,6,14,0,5,,275,1,0,
02/05/14,33,29,24,31,26,19,100,89,78,30.27,29.94,29.63,10,3,0,22,11,32,1.11,8,Fog-Snow,55,1,0,
02/06/14,28,24,19,18,11,6,81,64,46,30.27,30.18,29.99,10,10,4,17,8,22,T,5,Snow,299,1,0,
02/07/14,30,25,19,10,8,6,57,50,42,30.27,30.21,30.16,10,10,10,18,11,23,0,3,,259,1,0,
02/08/14,29,24,18,5,2,0,50,41,31,30.3,30.22,30.12,10,10,10,20,10,28,0,5,,274,0,0,
02/09/14,30,26,21,25,18,5,85,61,37,30.18,30.06,29.96,10,8,1,14,8,17,0.03,8,Snow,90,0,0,
02/10/14,30,25,20,21,12,4,88,64,40,30.22,30.03,29.91,10,9,1,20,12,25,T,3,Snow,288,1,0,
02/11/14,25,20,14,5,2,-2,61,48,35,30.44,30.3,30.23,10,10,10,20,10,25,0,0,,305,1,0,
02/12/14,23,16,8,13,1,-6,68,51,34,30.57,30.5,30.43,10,10,10,22,8,28,0,3,,93,1,0,
02/13/14,36,29,21,33,29,12,96,82,68,30.43,29.88,29.02,10,4,0,39,20,49,1,8,Fog-Rain-Snow,68,1,0,
02/14/14,37,33,29,32,26,19,96,74,52,29.73,29.1,28.83,10,6,1,35,18,51,0.31,6,Rain-Snow,298,1,0,
02/15/14,35,31,27,29,25,21,92,77,61,29.86,29.72,29.46,10,4,0,24,10,30,0.33,7,Fog-Snow,34,0,0,
02/16/14,33,28,23,27,12,7,85,61,36,29.96,29.72,29.46,10,9,0,36,17,49,0.02,6,Snow,294,0,0,
02/17/14,29,22,14,2,-3,-6,50,37,23,30.38,30.22,30,10,10,10,24,15,32,0,1,,319,1,1,
02/18/14,35,25,14,31,20,-5,92,63,34,30.37,30.07,29.88,10,6,1,23,11,28,0.22,7,Rain-Snow,1,1,0,
02/19/14,36,29,21,32,27,17,96,82,68,30.1,29.88,29.72,10,5,0,16,8,20,0.25,7,Fog-Rain-Snow,345,1,0,
02/20/14,48,41,33,32,27,20,89,60,31,30.22,30.12,29.84,10,9,3,17,9,23,0.08,4,Rain,257,1,0,
02/21/14,44,39,34,43,36,32,100,93,85,30.17,29.93,29.68,10,4,0,21,9,31,0.22,8,Fog-Rain-Thunderstorm,84,1,0,
02/22/14,50,42,34,33,27,21,96,64,32,29.97,29.92,29.85,10,10,10,29,14,35,0,1,,222,0,0,
02/23/14,52,43,34,31,26,24,76,56,35,30.01,29.91,29.77,10,10,10,17,6,23,0,6,,217,0,0,
02/24/14,45,35,24,27,11,4,55,41,27,29.96,29.81,29.74,10,10,10,26,16,37,0,4,,284,1,0,
02/25/14,29,26,22,9,5,3,54,44,34,29.99,29.94,29.88,10,10,10,21,11,28,0,4,,277,1,0,
02/26/14,32,24,16,8,2,-10,61,43,24,29.95,29.86,29.77,10,10,10,24,12,33,0,4,,259,1,0,
02/27/14,30,21,12,21,6,-7,75,51,27,29.91,29.74,29.59,10,7,0,29,12,37,0.02,6,Snow,270,1,0,
02/28/14,25,18,10,-7,-10,-13,46,32,18,30.45,30.26,29.95,10,10,10,26,12,33,0,1,,285,1,0,
03/01/14,36,26,16,22,7,-10,51,40,28,30.45,30.31,30.1,10,10,10,18,6,22,0,4,,221,0,0,
03/02/14,40,35,30,25,20,14,69,59,48,30.08,30.02,29.98,10,10,6,16,7,18,T,8,Snow,258,0,0,
03/03/14,30,23,16,12,-1,-9,50,39,28,30.3,30.14,30,10,10,10,22,12,26,0,6,,339,1,0,
03/04/14,31,22,12,2,-5,-9,42,32,21,30.39,30.31,30.26,10,10,10,13,8,17,0,5,,280,1,0,
03/05/14,29,25,20,19,14,0,81,55,29,30.5,30.33,30.25,10,9,2,16,10,20,0,8,Snow,7,1,0,
03/06/14,25,18,11,9,1,-10,67,46,24,30.65,30.58,30.51,10,10,10,16,7,22,0,1,,23,1,0,
03/07/14,34,25,16,27,18,9,78,64,49,30.51,30.27,29.96,10,10,10,12,5,15,0,5,,50,1,0,
03/08/14,55,41,27,30,23,17,81,54,26,29.94,29.8,29.69,10,10,10,20,8,25,0,4,,327,0,0,
03/09/14,43,37,30,17,8,1,51,35,18,29.94,29.9,29.87,10,10,10,21,11,25,0,5,,315,0,0,
03/10/14,44,36,28,31,23,8,85,60,35,29.89,29.79,29.65,10,7,1,15,8,20,0.03,8,Rain-Snow,216,1,0,
03/11/14,60,47,34,34,30,25,92,60,28,29.73,29.59,29.52,10,8,5,16,9,22,0,5,,254,1,0,
03/12/14,46,42,37,43,37,34,89,80,70,29.73,29.4,29.03,10,5,1,15,5,20,0.03,8,Rain,27,1,0,
03/13/14,37,21,18,34,12,-2,89,64,24,29.94,29.42,29.01,10,5,1,28,17,38,0.01,7,Rain-Snow,314,1,0,
03/14/14,39,28,16,25,8,-3,59,44,29,30.18,30.05,29.95,10,10,10,22,14,31,0,3,,234,1,0,
03/15/14,57,48,38,37,30,25,76,56,35,29.9,29.77,29.67,10,10,9,21,15,40,0.01,5,Rain,248,0,0,
03/16/14,37,30,23,16,6,-3,53,38,22,30.2,30.07,29.9,10,10,10,23,16,33,0,4,,295,0,0,
03/17/14,27,22,16,12,0,-9,55,43,30,30.2,30.14,30.06,10,10,10,16,8,23,0,5,,15,1,1,
03/18/14,33,27,20,20,10,-3,69,51,32,30.37,30.31,30.17,10,10,10,12,8,,0,1,,59,1,0,
03/19/14,41,34,27,31,25,19,82,71,59,30.4,30.26,30.01,10,10,10,21,10,25,T,4,,76,1,0,
03/20/14,52,45,37,39,34,23,100,70,39,30,29.71,29.61,10,7,2,26,12,35,0.29,6,Rain,304,1,0,
03/21/14,45,40,34,22,20,18,56,46,36,30.04,29.86,29.75,10,10,10,26,17,37,0,3,,273,1,0,
03/22/14,57,43,28,37,24,18,75,52,29,30.05,29.89,29.65,10,10,7,33,14,44,T,3,Rain,242,0,0,
03/23/14,44,33,22,22,13,0,61,42,23,30.07,29.97,29.91,10,10,10,22,13,28,0,7,,287,0,0,
03/24/14,33,25,17,-2,-4,-6,43,32,20,30.18,30.12,30.05,10,10,10,24,13,31,0,1,,321,1,0,
03/25/14,39,30,21,16,8,1,52,37,22,30.16,30.08,29.92,10,10,10,21,10,26,0,5,,219,1,0,
03/26/14,35,30,24,16,7,-3,53,39,25,30.01,29.74,29.58,10,10,6,38,26,54,T,7,Snow,345,1,0,
03/27/14,46,34,21,14,1,-4,40,27,14,30.32,30.24,30.04,10,10,10,24,14,31,0,3,,264,1,0,
03/28/14,60,48,35,47,36,17,86,66,46,30.25,30.07,29.96,10,10,5,30,14,37,0.02,8,Rain,217,1,0,
03/29/14,52,46,39,46,39,35,92,77,61,30.25,30.15,30.01,10,7,2,22,13,28,0.97,6,Rain,28,0,0,
03/30/14,43,40,36,41,37,33,96,91,86,29.95,29.71,29.63,10,3,0,27,17,36,2.23,8,Fog-Rain,16,0,0,
03/31/14,42,38,34,34,31,27,92,76,59,30,29.81,29.71,10,5,2,24,13,33,0.44,8,Rain-Snow,2,1,0,
04/01/14,47,41,34,32,28,25,70,60,49,30.11,30.05,30.01,10,10,10,18,10,23,0,5,,28,1,0,
04/02/14,46,42,37,35,32,26,82,68,53,30.13,30.08,30.03,10,10,10,13,6,14,0,5,,37,1,0,
04/03/14,54,44,34,33,27,21,85,59,32,30.15,30.08,30.05,10,10,10,17,9,22,0,1,,11,1,0,
04/04/14,44,41,37,36,32,26,92,76,59,30.18,30.08,29.92,10,9,3,20,11,23,0.26,7,Rain,80,1,0,
04/05/14,54,46,38,39,34,22,92,67,41,29.94,29.79,29.7,10,7,2,26,14,38,0.23,7,Rain,329,0,0,
04/06/14,59,47,35,22,20,14,56,37,17,30.19,30.08,29.95,10,10,10,17,9,22,0,0,,283,0,0,
04/07/14,59,49,38,40,30,24,89,59,28,30.25,30.14,29.93,10,9,2,17,8,21,0.04,7,Rain,139,1,0,
04/08/14,65,54,43,56,47,31,100,76,52,29.9,29.51,29.31,10,5,1,29,13,37,0.67,7,Rain,173,1,0,
04/09/14,59,50,41,34,26,9,67,45,22,29.98,29.67,29.54,10,10,10,24,13,32,0,2,,305,1,0,
04/10/14,60,47,34,35,21,10,61,43,24,30.16,30.07,30,10,10,10,28,14,35,0,1,,220,1,0,
04/11/14,69,59,48,48,40,34,72,55,37,30.02,29.97,29.91,10,10,10,21,10,25,T,7,Rain,231,1,0,
04/12/14,69,59,49,45,35,25,86,53,20,30.21,30.11,29.98,10,10,9,20,9,26,0.04,4,Rain,280,0,0,
04/13/14,63,54,45,50,41,35,86,68,50,30.28,30.16,30.03,10,10,6,15,8,21,0.04,7,Rain,138,0,0,
04/14/14,75,66,57,54,52,50,80,63,46,30.02,29.95,29.89,10,10,10,41,22,51,0,6,,211,1,0,
04/15/14,68,55,41,58,55,41,90,77,63,29.91,29.72,29.58,10,6,2,45,24,58,0.62,8,Rain,209,1,0,
04/16/14,45,38,31,39,24,12,85,57,28,30.62,30.12,29.75,10,8,1,26,15,35,0.36,5,Rain-Snow,325,1,0,
04/17/14,40,36,32,26,23,15,75,61,47,30.82,30.75,30.63,10,10,10,22,14,28,0,3,,51,1,0,
04/18/14,42,37,31,33,30,26,85,75,64,30.65,30.47,30.26,10,10,9,17,9,21,0,7,,73,1,0,
04/19/14,63,50,37,34,30,23,85,56,27,30.42,30.24,30.18,10,10,10,22,12,30,0,4,,299,0,0,
04/20/14,48,44,39,33,27,23,76,57,38,30.54,30.46,30.36,10,10,10,15,9,20,0,3,,83,0,0,
04/21/14,69,53,36,38,32,23,82,52,22,30.33,30.08,29.86,10,10,10,17,9,24,0,4,,195,1,1,
04/22/14,73,60,47,51,42,38,93,62,31,29.83,29.62,29.49,10,10,6,21,12,26,0.05,5,Rain,205,1,0,
04/23/14,57,52,46,51,43,31,93,72,50,29.61,29.48,29.43,10,8,2,31,15,41,0.23,7,Rain,296,1,0,
04/24/14,59,51,42,29,23,17,49,37,24,29.92,29.72,29.6,10,10,10,36,21,46,0,1,,320,1,0,
04/25/14,57,50,43,36,29,25,56,45,33,30.02,29.92,29.84,10,10,10,21,11,24,0,5,,201,1,0,
04/26/14,47,45,42,41,38,34,89,75,60,29.88,29.83,29.8,10,8,3,14,7,17,0.2,7,Rain,79,0,0,
04/27/14,50,46,41,41,39,36,89,77,65,30.04,29.94,29.86,10,10,6,15,6,20,0.15,8,Rain,76,0,0,
04/28/14,54,48,42,40,37,34,76,63,50,30.24,30.08,30,10,10,10,24,11,30,T,5,Rain,29,1,0,
04/29/14,44,43,42,38,35,33,82,76,70,30.54,30.44,30.25,10,10,10,24,17,31,T,8,Rain,63,1,0,
04/30/14,45,43,41,41,37,34,96,83,70,30.54,30.45,30.19,10,9,4,20,14,25,0.35,8,Rain,94,1,0,
05/01/14,60,52,44,55,48,42,100,89,78,30.14,29.82,29.67,8,3,0,12,6,17,0.62,7,Fog-Rain,75,1,0,
05/02/14,69,60,50,49,38,34,86,58,29,29.81,29.71,29.65,10,10,5,22,10,30,0.01,5,Rain,288,1,0,
05/03/14,67,59,50,43,39,36,59,50,40,29.87,29.8,29.73,10,10,10,17,9,21,0,5,,223,0,0,
05/04/14,62,56,50,44,37,33,71,54,36,29.71,29.6,29.54,10,10,10,32,16,46,T,5,Rain,257,0,0,
05/05/14,66,58,50,42,38,35,66,50,34,29.86,29.75,29.62,10,10,10,24,14,30,0,5,,315,1,0,
05/06/14,64,56,47,37,32,23,71,48,25,30.04,29.9,29.83,10,10,10,23,10,31,0,5,,318,1,0,
05/07/14,69,58,47,40,31,26,51,37,22,30.18,30.14,30.05,10,10,9,17,10,21,0,2,,280,1,0,
05/08/14,62,55,48,52,38,31,77,58,39,30.2,30.16,30.1,10,10,10,20,7,24,0,4,,115,1,0,
05/09/14,59,55,50,52,49,46,93,83,72,30.25,30.19,30.09,10,6,0,10,4,12,T,8,Rain,60,1,0,
05/10/14,80,69,57,63,59,53,93,68,42,30.08,29.85,29.75,10,8,1,28,12,35,0.34,8,Rain-Thunderstorm,222,0,0,
05/11/14,80,71,62,58,38,27,78,46,14,30.02,29.91,29.79,10,10,9,22,12,31,T,3,Rain,276,0,0,
05/12/14,85,69,52,55,43,36,66,43,20,30.13,30.04,29.96,10,10,10,31,11,38,0,3,,234,1,0,
05/13/14,52,49,46,44,40,36,80,71,61,30.35,30.3,30.17,10,10,10,17,10,24,0,7,,69,1,0,
05/14/14,63,55,46,53,46,40,86,71,56,30.35,30.31,30.26,10,10,10,20,9,22,T,6,,121,1,0,
05/15/14,77,67,57,61,58,53,93,77,61,30.3,30.26,30.21,10,10,9,20,9,23,T,7,,159,1,0,
05/16/14,73,66,59,63,60,57,100,82,64,30.2,30.09,29.99,10,8,2,24,14,30,0.06,8,Rain,164,1,0,
05/17/14,75,67,58,63,54,34,100,64,27,30.06,29.92,29.86,10,7,1,24,13,30,0.65,6,Rain,215,0,0,
05/18/14,63,58,52,46,41,35,66,53,39,30.11,30.06,30.02,10,10,10,16,9,21,0,4,,357,0,0,
05/19/14,68,60,52,46,37,30,77,53,28,30.09,30.05,30,10,10,7,29,13,37,0.05,5,Rain,318,1,0,
05/20/14,69,61,53,48,44,38,77,55,32,30.01,29.98,29.95,10,10,10,18,9,26,T,4,,286,1,0,
05/21/14,65,59,52,52,49,45,86,74,62,30.01,29.98,29.95,10,10,10,16,7,20,0,3,,97,1,0,
05/22/14,59,55,51,54,51,48,100,90,80,29.94,29.91,29.88,10,5,0,18,8,22,0.25,6,Fog-Rain,92,1,0,
05/23/14,57,55,52,54,50,47,100,89,77,29.99,29.93,29.88,10,8,2,15,9,21,0.02,8,Rain,92,1,0,
05/24/14,61,57,52,50,48,43,89,71,53,30.06,30.01,29.96,10,10,4,15,8,17,0.18,7,Rain,52,0,0,
05/25/14,66,59,52,53,51,48,93,79,65,30.1,30.06,30.01,10,10,7,16,7,20,0,5,,118,0,0,
05/26/14,79,67,55,57,53,50,86,63,39,30,29.88,29.79,10,10,9,22,12,31,0.01,6,Rain,239,1,1,
05/27/14,74,62,50,56,51,46,93,71,49,29.97,29.9,29.8,10,6,0,20,12,24,0.48,7,Fog-Rain-Thunderstorm,57,1,0,
05/28/14,50,47,44,48,45,39,93,85,76,30.22,30.06,29.9,10,5,2,24,15,31,0.08,7,Rain,43,1,0,
05/29/14,58,51,43,46,42,32,89,67,45,30.25,30.21,30.17,10,10,10,13,8,16,0,3,,68,1,0,
05/30/14,66,57,48,54,48,43,89,73,56,30.15,30.06,30,10,10,6,17,8,20,0.11,5,Rain-Thunderstorm,127,1,0,
05/31/14,60,56,52,49,46,38,89,68,47,30.3,30.18,30.06,10,10,10,20,10,22,T,5,,28,0,0,
06/01/14,66,59,51,49,44,35,77,61,44,30.35,30.29,30.24,10,10,10,12,8,16,0,2,,98,0,0,
06/02/14,83,70,56,53,48,43,62,44,26,30.24,30.12,30,10,10,10,16,9,22,0,3,,205,1,0,
06/03/14,72,65,57,56,53,48,86,72,57,30.02,29.97,29.91,10,10,10,24,11,29,0,2,,130,1,0,
06/04/14,60,58,55,56,53,47,93,80,67,29.9,29.86,29.79,10,10,2,13,6,16,0.14,8,Rain,81,1,0,
06/05/14,60,59,57,58,57,55,100,92,84,29.8,29.71,29.64,10,4,0,17,7,22,0.78,7,Fog-Rain,25,1,0,
06/06/14,76,67,57,66,53,50,93,67,41,29.93,29.77,29.69,10,10,10,18,11,24,0,4,,292,1,0,
06/07/14,80,71,61,60,55,51,73,58,42,29.93,29.9,29.86,10,10,10,14,8,18,0,2,,241,0,0,
06/08/14,81,74,67,59,55,52,66,55,43,29.94,29.91,29.86,10,10,8,15,8,17,0,4,,151,0,0,
06/09/14,81,74,66,59,55,53,73,56,39,29.99,29.95,29.9,10,10,10,21,11,26,T,7,,232,1,0,
06/10/14,79,69,59,67,61,54,93,80,67,30.12,29.99,29.93,10,8,0,28,9,48,0.85,8,Fog-Rain,117,1,0,
06/11/14,63,61,58,55,54,53,86,79,72,30.21,30.17,30.11,10,10,10,15,10,18,T,5,Rain,66,1,0,
06/12/14,66,63,59,57,55,52,84,79,73,30.17,30.13,30.08,10,10,9,21,12,25,T,8,,97,1,0,
06/13/14,64,62,59,61,59,55,100,89,78,30.06,29.92,29.79,10,3,0,23,10,31,0.54,8,Fog-Rain,73,1,0,
06/14/14,77,68,58,63,58,50,100,79,57,29.9,29.84,29.81,10,6,0,18,8,26,0.01,7,Fog-Rain,356,0,0,
06/15/14,80,69,58,54,51,46,75,56,36,30.05,29.97,29.9,10,10,10,20,12,26,0,4,,312,0,0,
06/16/14,73,68,62,54,49,46,59,50,41,30.15,30.09,30.03,10,10,10,17,10,20,0,5,,65,1,0,
06/17/14,84,73,62,68,62,52,84,70,55,30.06,29.98,29.87,10,9,6,17,11,21,0.02,6,Rain,204,1,1,
06/18/14,87,78,68,66,61,56,87,64,40,29.94,29.81,29.73,10,10,6,32,14,43,T,5,Rain,275,1,0,
06/19/14,84,76,67,61,51,34,68,45,21,29.96,29.93,29.89,10,10,10,20,11,24,0,5,,317,1,0,
06/20/14,77,69,61,46,41,37,52,38,24,29.98,29.93,29.88,10,10,10,21,12,28,0,2,,319,1,0,
06/21/14,75,66,57,54,46,40,67,50,33,29.97,29.93,29.88,10,10,10,15,7,22,0,3,,318,0,0,
06/22/14,71,65,59,52,47,42,67,56,44,30.04,29.98,29.93,10,10,10,16,8,20,0,3,,91,0,0,
06/23/14,77,68,59,57,53,47,84,65,45,30.18,30.12,30.05,10,10,10,21,9,25,0,3,,146,1,0,
06/24/14,84,72,60,59,56,52,84,63,42,30.18,30.1,30.02,10,10,10,23,13,28,0,4,,197,1,0,
06/25/14,89,78,66,68,63,53,84,65,46,30.01,29.93,29.86,10,10,10,22,15,28,0,3,,212,1,0,
06/26/14,81,71,60,73,65,54,94,82,69,30.02,29.86,29.79,10,9,2,20,10,24,0.28,7,Rain,129,1,0,
06/27/14,72,66,59,56,47,35,84,56,28,30.21,30.12,30.01,10,10,10,16,8,21,0,2,,85,1,0,
06/28/14,80,70,59,58,52,40,72,54,35,30.27,30.25,30.21,10,10,10,12,7,26,0,3,,157,0,0,
06/29/14,86,74,62,60,55,48,78,54,29,30.26,30.19,30.11,10,10,10,18,9,23,0,5,,190,0,0,
06/30/14,89,77,64,64,59,54,78,59,39,30.1,30,29.92,10,10,10,20,13,28,0,3,,223,1,0,
07/01/14,89,79,69,70,65,57,84,67,50,29.94,29.86,29.8,10,10,10,24,14,30,0,5,,214,1,0,
07/02/14,91,82,73,72,69,65,79,66,52,29.92,29.88,29.82,10,10,10,25,15,32,T,3,Rain,203,1,0,
07/03/14,92,81,69,72,70,66,87,69,50,30.01,29.94,29.88,10,9,1,28,10,43,0.28,6,Rain-Thunderstorm,204,1,0,
07/04/14,76,70,64,70,65,62,97,85,73,30,29.92,29.79,10,5,1,21,8,26,1.88,7,Rain,2,1,1,
07/05/14,80,70,59,63,53,40,93,61,29,30,29.88,29.76,10,9,3,30,17,40,0.35,6,Rain,292,0,0,
07/06/14,85,76,66,59,51,45,66,49,31,30,29.93,29.86,10,10,10,25,15,33,0,2,,243,0,0,
07/07/14,88,79,69,67,64,60,78,62,46,29.87,29.78,29.69,10,10,4,26,15,33,0.08,4,Rain-Thunderstorm,220,1,0,
07/08/14,92,83,73,68,66,64,84,64,44,29.8,29.74,29.69,10,10,7,21,15,32,T,6,Rain,218,1,0,
07/09/14,88,81,73,69,64,60,87,65,42,29.94,29.81,29.66,10,10,7,21,14,26,0,5,,221,1,0,
07/10/14,82,74,66,61,56,51,81,59,36,30.14,30.06,29.94,10,10,10,9,8,13,0,4,,272,1,0,
07/11/14,73,68,63,61,57,55,84,71,57,30.24,30.2,30.14,10,10,10,13,7,16,0,4,,67,1,0,
07/12/14,80,71,62,63,60,57,84,66,48,30.22,30.18,30.11,10,10,10,17,8,22,0,1,,163,0,0,
07/13/14,85,77,68,66,61,58,79,61,43,30.12,30.01,29.9,10,10,10,25,16,30,T,5,,202,0,0,
07/14/14,86,79,71,73,70,66,100,81,61,29.91,29.88,29.86,10,7,1,18,10,23,0.67,8,Rain,203,1,0,
07/15/14,85,78,71,74,72,70,100,85,70,29.86,29.8,29.75,10,8,1,21,11,25,T,8,Rain,191,1,0,
07/16/14,76,73,69,72,70,63,93,81,68,29.85,29.78,29.76,10,7,0,18,8,23,0.85,8,Fog-Rain-Thunderstorm,194,1,0,
07/17/14,81,74,67,62,57,54,73,58,42,30.07,29.94,29.85,10,10,10,14,8,24,0,5,,293,1,0,
07/18/14,76,71,65,60,56,52,81,64,46,30.23,30.17,30.07,10,10,10,14,8,17,0,3,,137,1,0,
07/19/14,72,68,63,62,61,58,93,83,73,30.27,30.24,30.22,10,10,8,12,5,14,0,6,,98,0,0,
07/20/14,72,67,61,63,59,55,93,75,57,30.22,30.19,30.15,10,10,10,13,7,17,T,7,,56,0,0,
07/21/14,73,67,61,62,61,59,100,84,68,30.21,30.18,30.15,10,8,1,14,6,16,0,4,Fog,52,1,0,
07/22/14,87,75,63,68,65,61,93,72,50,30.15,30.08,29.99,10,10,10,20,10,26,0,2,,187,1,0,
07/23/14,92,82,71,72,68,64,79,64,49,29.98,29.85,29.75,10,10,10,23,13,26,0,4,,217,1,0,
07/24/14,76,70,63,68,64,61,93,81,68,29.91,29.82,29.75,10,10,9,16,8,20,T,7,,35,1,0,
07/25/14,83,73,62,60,54,49,76,56,36,29.98,29.94,29.9,10,9,7,15,8,21,0,2,,279,1,0,
07/26/14,85,75,64,63,58,53,78,58,37,29.98,29.93,29.87,10,10,9,24,12,32,0,3,,219,0,0,
07/27/14,80,73,66,70,67,63,97,82,67,29.89,29.77,29.68,10,8,1,23,9,30,0.35,6,Rain,193,0,0,
07/28/14,84,75,65,72,67,62,100,77,54,29.68,29.56,29.44,10,7,1,23,11,29,0.11,6,Rain-Thunderstorm,179,1,0,
07/29/14,79,72,64,62,57,53,78,63,47,29.94,29.79,29.55,10,10,10,18,9,25,0,3,,265,1,0,
07/30/14,78,71,63,59,55,47,73,55,36,30.04,29.99,29.95,10,10,10,14,7,23,0,3,,205,1,0,
07/31/14,81,72,62,62,58,55,84,66,48,30.17,30.09,30.04,10,10,10,18,10,23,0,3,,199,1,0,
08/01/14,82,74,65,67,64,61,87,73,58,30.22,30.2,30.16,10,10,7,20,9,23,0,4,,177,1,0,
08/02/14,72,67,62,67,61,56,93,86,78,30.24,30.19,30.13,10,8,5,13,5,16,0.03,7,Rain,102,0,0,
08/03/14,70,66,62,63,60,59,93,85,76,30.14,30.11,30.06,10,9,7,13,5,15,T,7,Rain,73,0,0,
08/04/14,80,71,62,67,65,61,100,81,62,30.04,30.02,29.99,10,9,5,15,8,18,T,3,,185,1,0,
08/05/14,82,76,70,68,66,64,90,74,58,30.03,29.96,29.88,10,10,8,16,8,20,0,2,,163,1,0,
08/06/14,83,77,70,65,60,48,73,53,33,29.86,29.83,29.78,10,10,10,16,8,22,0.01,6,,319,1,0,
08/07/14,79,72,64,61,54,51,78,60,42,29.94,29.88,29.83,10,10,7,20,8,23,0.01,3,Rain,299,1,0,
08/08/14,85,73,61,55,53,47,78,53,28,30.02,29.98,29.93,10,10,10,16,10,22,0,2,,302,1,0,
08/09/14,78,72,65,60,56,52,68,56,43,30.09,30.06,30.01,10,10,10,14,8,18,0,1,,195,0,0,
08/10/14,80,73,66,62,57,50,81,59,37,30.14,30.11,30.08,10,10,10,14,8,17,0,2,,97,0,0,
08/11/14,84,75,65,61,59,56,81,62,42,30.15,30.12,30.09,10,10,10,17,9,22,0,2,,189,1,0,
08/12/14,82,73,64,64,62,57,93,71,48,30.13,30.09,30.04,10,10,10,18,9,22,0,5,,154,1,0,
08/13/14,69,67,64,70,64,63,100,91,81,30.01,29.79,29.61,10,5,1,25,14,31,1.06,8,Rain,111,1,0,
08/14/14,77,70,62,61,53,47,90,63,36,29.87,29.77,29.66,10,10,10,21,12,29,0,2,,273,1,0,
08/15/14,75,68,60,57,52,50,84,63,41,29.93,29.88,29.83,10,10,10,18,8,29,T,6,Rain,269,1,0,
08/16/14,78,70,61,57,52,50,73,55,37,29.97,29.93,29.92,10,10,10,21,12,28,0,7,,234,0,0,
08/17/14,81,73,64,62,58,52,93,69,45,29.91,29.82,29.76,10,10,10,23,9,29,T,5,,260,0,0,
08/18/14,79,71,62,54,51,46,72,54,36,29.88,29.82,29.79,10,10,10,18,10,23,0,2,,311,1,0,
08/19/14,74,67,59,56,52,49,73,61,49,29.96,29.91,29.87,10,10,10,17,8,18,0,1,,89,1,0,
08/20/14,74,67,59,61,58,53,93,73,53,30.06,30.02,29.96,10,10,10,15,5,18,0,2,,94,1,0,
08/21/14,72,66,60,64,62,59,97,85,73,30.11,30.08,30.06,10,10,10,14,6,15,0,6,,60,1,0,
08/22/14,72,68,63,65,62,60,93,81,68,30.11,30.09,30.07,10,10,6,15,10,18,0.08,7,Rain,34,1,0,
08/23/14,72,67,61,61,58,53,90,76,61,30.14,30.12,30.09,10,10,10,17,9,20,0,4,,32,0,0,
08/24/14,75,69,63,58,54,51,72,59,46,30.15,30.13,30.11,10,10,9,10,6,,0,2,,125,0,0,
08/25/14,81,74,67,63,60,57,78,64,49,30.15,30.12,30.1,10,10,10,13,7,15,0,1,,104,1,0,
08/26/14,85,75,64,66,63,61,93,72,51,30.16,30.1,30.03,10,10,9,18,11,23,0,1,,185,1,0,
08/27/14,91,79,67,70,64,58,82,63,44,30.04,29.92,29.84,10,10,10,21,13,33,0.02,3,Rain,226,1,0,
08/28/14,82,73,64,69,54,44,87,59,30,29.99,29.84,29.79,10,10,10,22,13,29,0,3,,326,1,0,
08/29/14,71,65,59,56,52,48,84,69,53,30.28,30.16,30,10,10,10,17,10,22,0,2,,57,1,0,
08/30/14,79,69,58,60,56,51,93,66,39,30.31,30.23,30.14,10,10,10,18,10,25,0,2,,194,0,0,
08/31/14,85,76,67,73,69,61,100,81,61,30.13,30.02,29.95,10,9,1,23,13,30,0.54,7,Rain,217,0,0,
09/01/14,85,79,72,72,70,67,93,74,55,29.99,29.94,29.91,10,10,10,14,8,17,0,5,,188,1,1,
09/02/14,93,82,71,74,71,68,93,70,47,29.93,29.84,29.73,10,10,4,21,9,26,0.01,3,Rain-Thunderstorm,214,1,0,
09/03/14,85,79,72,71,59,52,87,62,36,30.08,29.92,29.7,10,10,9,22,12,28,0,3,,279,1,0,
09/04/14,83,75,66,60,57,54,73,58,42,30.19,30.13,30.08,10,10,10,18,8,25,0,1,,233,1,0,
09/05/14,91,79,67,70,65,60,82,63,44,30.16,30.08,29.97,10,10,10,21,12,30,0,1,,212,1,0,
09/06/14,92,81,69,72,69,62,87,68,49,29.97,29.87,29.75,10,9,1,31,15,45,0.22,5,Rain-Thunderstorm,246,0,0,
09/07/14,76,70,63,61,57,47,81,59,36,30.21,30.06,29.92,10,10,7,18,8,24,0.15,4,Rain,5,0,0,
09/08/14,71,65,59,58,54,52,78,69,59,30.39,30.34,30.22,10,10,10,17,10,23,0,3,,51,1,0,
09/09/14,69,65,61,60,56,52,93,74,55,30.36,30.29,30.2,10,10,10,14,10,17,0,5,,59,1,0,
09/10/14,70,65,60,61,59,57,97,82,66,30.19,30.13,30.04,10,9,2,14,8,23,0,6,,32,1,0,
09/11/14,80,71,62,68,62,59,100,79,58,30.04,29.91,29.77,10,8,3,26,13,32,0,7,,200,1,0,
09/12/14,68,62,56,57,50,46,78,63,48,30.24,30.08,29.91,10,10,10,17,9,23,0,2,,337,1,0,
09/13/14,67,60,53,59,53,46,97,80,63,30.29,30.2,30.11,10,9,2,17,11,22,0.13,7,Rain,22,0,0,
09/14/14,66,59,52,57,47,41,93,68,42,30.23,30.18,30.1,10,10,10,20,10,25,0,3,,309,0,0,
09/15/14,67,58,48,48,45,41,80,61,42,30.25,30.18,30.11,10,10,10,13,7,17,0,2,,35,1,0,
09/16/14,65,60,55,55,52,49,84,74,63,30.11,30.01,29.96,10,10,10,13,5,14,T,5,Rain,175,1,0,
09/17/14,69,62,54,53,50,44,86,66,45,30.02,29.98,29.94,10,10,10,15,7,17,0,1,,213,1,0,
09/18/14,75,65,55,51,47,41,72,54,35,30.15,29.99,29.94,10,10,10,20,7,24,0,3,,322,1,0,
09/19/14,56,51,46,40,35,30,65,53,41,30.43,30.36,30.17,10,10,10,16,10,20,0,2,,59,1,0,
09/20/14,73,60,47,56,48,38,82,66,49,30.4,30.26,30.1,10,10,10,22,12,26,0,3,,189,0,0,
09/21/14,82,73,63,68,64,57,97,80,62,30.08,29.78,29.55,10,10,5,17,8,21,0.01,7,Rain,170,0,0,
09/22/14,74,64,53,68,52,38,97,66,35,30.09,29.73,29.53,10,10,10,26,15,33,0,2,,266,1,0,
09/23/14,72,61,50,48,41,38,66,51,35,30.43,30.26,30.11,10,10,10,15,7,21,0,2,,280,1,0,
09/24/14,66,60,54,55,51,48,83,74,64,30.63,30.57,30.44,10,10,10,15,10,20,0,3,,52,1,0,
09/25/14,62,58,53,52,51,49,83,76,69,30.55,30.41,30.25,10,10,10,12,7,14,0,6,,47,1,0,
09/26/14,69,62,54,55,51,48,80,68,55,30.24,30.2,30.15,10,10,9,10,5,12,0,3,,27,1,0,
09/27/14,81,71,60,58,55,52,84,62,39,30.18,30.15,30.12,10,10,10,10,5,14,0,0,,249,0,0,
09/28/14,87,74,60,61,60,58,90,65,40,30.16,30.07,29.98,10,10,7,13,5,26,0,1,,211,0,0,
09/29/14,74,66,57,61,58,56,93,75,57,30.02,29.98,29.95,10,8,1,18,10,23,T,6,Rain,14,1,0,
09/30/14,57,57,56,56,55,54,100,97,93,30.06,30.02,30,10,8,1,17,9,21,0.18,8,Rain,20,1,0,
10/01/14,57,57,56,56,56,55,100,97,93,30.11,30.07,30.01,10,4,2,25,16,30,1.16,8,Rain,29,1,0,
10/02/14,56,54,51,56,52,46,100,92,83,30.18,30.15,30.1,10,8,2,22,14,28,0.16,7,Rain,22,1,0,
10/03/14,55,52,48,54,50,46,100,89,77,30.14,30.04,29.91,10,8,2,14,8,17,0.01,6,Rain,3,1,0,
10/04/14,63,58,53,63,57,53,100,97,93,29.91,29.71,29.53,10,4,0,20,8,24,0.35,8,Fog-Rain,107,0,0,
10/05/14,61,55,49,59,42,33,97,67,36,29.95,29.74,29.54,10,10,10,20,12,24,0,2,,260,0,0,
10/06/14,67,55,43,51,42,38,86,60,34,30.16,30.09,29.97,10,10,10,20,8,23,0,0,,192,1,0,
10/07/14,73,64,55,63,57,52,93,71,49,30.15,30.07,29.98,10,10,8,30,13,38,0.01,5,Rain,172,1,0,
10/08/14,73,66,58,63,54,40,93,66,38,29.97,29.8,29.7,10,10,10,25,14,37,0.01,5,Rain,215,1,0,
10/09/14,66,58,50,43,37,32,61,46,31,30,29.92,29.88,10,10,10,24,12,31,0,2,,250,1,0,
10/10/14,63,57,51,38,36,35,59,48,36,30.14,30.07,30.01,10,10,10,18,10,24,0,4,,281,1,0,
10/11/14,54,51,47,46,42,36,93,72,50,30.14,30.11,30.07,10,9,5,10,5,15,0.31,6,Rain,325,0,0,
10/12/14,59,52,44,44,40,38,93,70,47,30.31,30.24,30.14,10,10,10,14,9,18,0,1,,282,0,0,
10/13/14,63,54,45,54,46,40,82,69,55,30.37,30.32,30.26,10,10,10,16,8,22,0,6,,205,1,1,
10/14/14,78,68,57,63,60,54,93,75,56,30.26,30.21,30.16,10,10,7,23,11,28,0,5,,201,1,0,
10/15/14,81,71,61,66,63,60,93,74,54,30.16,30.08,29.98,10,10,10,23,9,30,0,4,,168,1,0,
10/16/14,70,65,60,68,64,60,100,94,87,29.96,29.82,29.66,10,8,1,28,10,35,0.63,8,Rain,147,1,0,
10/17/14,71,64,57,61,57,50,100,76,51,29.7,29.65,29.62,10,9,5,23,11,31,0,3,,210,1,0,
10/18/14,71,63,55,59,56,48,100,81,61,29.66,29.58,29.49,10,10,9,22,12,26,T,5,,217,0,0,
10/19/14,56,50,43,47,35,25,77,61,44,29.96,29.78,29.6,10,10,10,20,14,29,0,7,,311,0,0,
10/20/14,58,49,39,41,30,23,68,52,36,30.07,30.01,29.96,10,10,10,20,11,28,0,4,,240,1,0,
10/21/14,62,56,49,56,52,42,96,85,74,30.01,29.96,29.91,10,10,9,16,7,18,T,6,Rain,82,1,0,
10/22/14,56,53,50,54,50,48,100,95,89,30.02,29.91,29.77,10,4,1,44,25,54,0.87,8,Rain-Thunderstorm,26,1,0,
10/23/14,54,51,48,54,50,48,100,97,93,29.77,29.65,29.58,10,4,2,38,25,48,2.25,8,Rain-Thunderstorm,13,1,0,
10/24/14,52,49,46,49,46,41,100,86,71,29.74,29.69,29.66,10,8,2,16,11,23,0.05,8,Rain,323,1,0,
10/25/14,64,55,46,46,42,38,86,62,37,29.76,29.66,29.49,10,10,10,17,10,23,0,4,,260,0,0,
10/26/14,59,53,47,46,40,36,67,57,47,29.71,29.53,29.45,10,10,10,24,13,33,T,5,,270,0,0,
10/27/14,63,55,46,39,38,36,71,55,39,30.03,29.87,29.72,10,10,10,21,11,28,0,1,,283,1,0,
10/28/14,60,53,45,53,47,39,100,86,71,30.09,30.01,29.95,10,10,7,14,4,17,0,5,,88,1,0,
10/29/14,74,63,52,60,53,41,93,71,49,29.94,29.85,29.75,10,7,1,21,7,32,0.02,8,Rain,282,1,0,
10/30/14,59,53,46,44,39,36,80,62,43,30,29.93,29.88,10,10,10,16,8,22,0,2,,301,1,0,
10/31/14,54,50,45,39,37,35,76,66,56,30.05,30.01,29.96,10,10,10,18,11,23,0,8,,40,1,0,
11/01/14,49,44,39,44,39,34,93,77,61,29.94,29.86,29.78,10,7,2,29,17,36,0.59,8,Rain,4,0,0,
11/02/14,42,38,34,36,29,15,89,62,34,29.81,29.69,29.62,10,8,1,35,21,44,0.31,7,Rain-Snow,328,0,0,
11/03/14,53,45,36,30,18,8,47,32,16,30.06,29.95,29.83,10,10,10,28,15,37,0,2,,278,1,0,
11/04/14,57,51,45,44,35,28,71,53,35,30.14,30.08,30,10,10,10,15,6,18,0,5,,169,1,0,
11/05/14,66,57,47,48,40,31,77,56,34,30.13,30.02,29.96,10,10,9,20,9,25,0,7,,243,1,0,
11/06/14,51,49,46,48,45,38,100,83,66,30.11,29.84,29.49,10,5,1,18,5,24,0.59,7,Rain,79,1,0,
11/07/14,49,44,39,47,37,24,93,73,53,29.79,29.54,29.46,10,8,2,25,14,36,T,7,Rain,300,1,0,
11/08/14,48,42,35,31,25,21,65,51,37,29.96,29.9,29.81,10,10,10,20,10,26,0,5,,245,0,0,
11/09/14,56,48,40,37,33,30,70,57,43,30.02,29.93,29.88,10,10,10,16,8,21,0,7,,261,0,0,
11/10/14,58,48,37,46,35,31,93,66,39,30.21,30.14,30.03,10,10,10,12,5,15,0,3,,192,1,0,
11/11/14,63,53,42,51,47,38,100,80,60,30.19,30.09,29.98,10,9,2,15,5,21,0,5,,163,1,1,
11/12/14,60,53,46,54,49,32,100,75,50,30.01,29.92,29.85,10,3,0,17,5,22,0,6,Fog,118,1,0,
11/13/14,50,44,38,35,29,24,85,62,39,30.09,30.01,29.96,10,10,7,15,8,22,0.06,5,Rain,298,1,0,
11/14/14,44,39,33,34,27,16,100,67,33,30.1,29.96,29.91,10,8,2,20,11,25,0.23,5,Rain-Snow,311,1,0,
11/15/14,40,35,30,23,16,11,66,49,32,30.34,30.24,30.11,10,10,10,16,9,21,0,1,,295,0,0,
11/16/14,42,36,29,31,23,17,70,57,44,30.39,30.29,30.14,10,10,10,20,8,24,T,6,Rain,220,0,0,
11/17/14,48,43,37,48,41,30,100,83,65,30.12,29.75,29.43,10,4,1,21,6,25,1.64,8,Rain,358,1,0,
11/18/14,44,36,27,41,19,4,100,66,32,29.93,29.7,29.46,10,10,10,25,16,33,0,2,,270,1,0,
11/19/14,37,31,24,15,9,5,53,41,29,30.14,30.08,29.94,10,10,10,23,14,31,0,2,,245,1,0,
11/20/14,48,40,31,22,18,14,63,47,31,30.05,29.89,29.74,10,10,10,29,14,37,0,3,,249,1,0,
11/21/14,36,32,27,15,10,4,53,42,31,30.42,30.17,29.93,10,10,10,26,15,35,0,1,,286,1,0,
11/22/14,44,34,24,23,13,7,60,41,22,30.44,30.26,30.06,10,10,10,28,16,33,0,5,,233,0,0,
11/23/14,59,51,42,38,32,22,76,59,41,30.14,30.11,30.06,10,10,10,18,9,22,T,5,,223,0,0,
11/24/14,65,54,42,62,53,38,100,88,76,30.09,29.79,29.59,10,7,2,26,15,36,0.28,6,Rain,174,1,0,
11/25/14,62,55,48,55,40,26,93,61,28,30.12,29.88,29.7,10,10,9,20,12,26,0,6,,234,1,0,
11/26/14,50,42,33,37,33,28,100,71,42,30.21,29.99,29.68,10,5,1,31,15,38,1.44,8,Rain-Snow,1,1,0,
11/27/14,38,35,31,32,29,26,92,81,70,30.01,29.92,29.7,10,7,2,21,10,29,0.02,8,Rain-Snow,318,1,1,
11/28/14,35,31,27,28,24,16,92,72,51,30.22,30.06,29.99,10,6,1,20,11,25,0.11,6,Snow,314,1,1,
11/29/14,34,29,23,24,16,13,68,55,41,30.35,30.31,30.24,10,10,10,13,7,21,0,2,,248,0,0,
11/30/14,57,45,32,43,37,25,85,66,47,30.27,30.13,30.03,10,10,10,23,12,30,0,7,,197,0,0,
12/01/14,64,52,39,46,40,26,74,63,52,30.45,30.13,30.01,10,10,10,22,13,29,0.01,6,Rain,268,1,0,
12/02/14,42,38,33,40,27,17,92,72,51,30.71,30.59,30.4,10,8,2,24,15,29,0.1,7,Rain-Snow,62,1,0,
12/03/14,51,44,37,49,42,24,100,79,57,30.4,30.07,29.87,10,5,1,29,12,38,0.44,8,Rain,254,1,0,
12/04/14,43,37,30,24,21,13,69,54,39,30.56,30.33,30.09,10,10,10,25,12,33,0,3,,292,1,0,
12/05/14,42,34,26,37,25,12,85,66,47,30.68,30.59,30.45,10,10,5,22,10,26,0.11,5,Rain,61,1,0,
12/06/14,45,42,38,45,40,36,100,93,85,30.42,30.24,30.16,10,4,0,22,8,25,1.09,8,Rain,313,0,0,
12/07/14,38,30,21,36,20,-3,92,61,29,30.69,30.46,30.24,10,10,5,25,15,32,0.13,6,Rain,350,0,0,
12/08/14,29,24,18,28,16,3,92,70,47,30.77,30.67,30.51,10,8,2,21,13,28,0.03,8,Snow,354,1,0,
12/09/14,49,39,29,49,41,28,100,93,86,30.51,30.04,29.49,10,2,1,38,20,52,2.9,8,Rain,38,1,0,
12/10/14,48,43,38,45,39,37,100,95,89,29.58,29.5,29.43,10,3,1,23,13,29,0.28,8,Rain,357,1,0,
12/11/14,39,36,32,37,31,27,92,87,82,29.81,29.61,29.44,10,7,1,21,13,28,0.02,8,Rain-Snow,230,1,,
12/12/14,39,35,31,28,27,25,85,75,64,29.88,29.85,29.81,10,10,7,16,11,21,T,7,Snow,286,1,0,
12/13/14,42,37,32,28,26,24,75,65,55,29.86,29.82,29.78,10,10,10,17,12,23,T,5,,298,0,0,
12/14/14,45,39,33,29,27,25,82,68,53,29.91,29.83,29.78,10,10,10,15,10,20,0,4,,306,0,0,
12/15/14,42,37,32,33,29,27,89,75,60,30.15,30.05,29.91,10,10,10,15,6,21,0,2,,324,1,0,
12/16/14,44,40,35,42,36,30,96,85,73,30.17,30.09,29.92,10,9,5,8,4,10,T,8,Rain,79,1,0,
12/17/14,49,45,41,46,41,32,100,85,70,29.91,29.75,29.69,10,6,1,20,11,26,0.43,8,Rain,311,1,0,
12/18/14,44,40,36,34,30,26,89,73,57,29.87,29.78,29.71,10,10,10,23,14,30,0.01,7,Rain,281,1,0,
12/19/14,37,33,29,25,22,20,69,63,56,30.15,29.98,29.86,10,10,10,17,11,23,0,4,,305,1,0,
12/20/14,36,32,27,30,24,20,89,79,69,30.31,30.26,30.17,10,10,7,21,10,26,T,6,Snow,350,0,0,
12/21/14,36,33,30,30,27,25,85,77,69,30.37,30.32,30.28,10,9,6,16,9,20,T,8,Snow,2,0,0,
12/22/14,44,39,33,39,34,25,89,79,69,30.4,30.35,30.3,10,10,4,18,8,22,0.05,7,Rain,24,1,0,
12/23/14,47,45,42,45,42,37,100,91,82,30.31,30.23,30.16,10,5,1,20,13,25,0.25,8,Rain,63,1,0,
12/24/14,46,44,41,46,44,41,100,98,96,30.13,29.9,29.55,2,1,0,13,6,15,0.56,8,Fog-Rain,12,1,0,
12/25/14,59,52,44,58,43,29,100,75,49,29.96,29.63,29.47,10,8,1,28,14,40,0.14,6,Rain,250,1,1,
12/26/14,50,44,37,31,29,28,70,60,49,30.16,30.11,29.99,10,10,10,18,11,25,0,1,,255,1,1,
12/27/14,52,45,38,34,31,29,70,60,50,30.22,30.14,30.03,10,10,10,17,9,21,0,3,,251,0,0,
12/28/14,52,46,40,42,35,27,76,65,53,29.99,29.87,29.77,10,10,10,22,14,31,0.01,8,Rain,252,0,0,
12/29/14,41,36,30,26,20,10,64,51,37,30.22,30.12,30,10,10,10,15,9,22,0,4,,288,1,0,
12/30/14,30,26,22,10,4,-6,50,38,26,30.36,30.32,30.23,10,10,10,16,10,21,0,2,,313,1,0,
12/31/14,30,25,20,8,5,1,57,44,31,30.32,30.25,30.13,10,10,10,17,9,22,0,1,,269,1,0,
