,Account,avg(Kwh),avg(Power_Factor),avg(KVRAh),Catergroy,Building,Day,Month,Year,TemperatureF,PointF,Humidity,PressureIn,VisibilityMiles,WindSpeedMPH,PrecipitationIn,CloudCover,Events,WindDirDegrees,workingDay,Holiday
1,27369330017,125.3335389,0.804315052,49.02305093,SCH,LILLA FREDRICK,1,1,2014,24,5,43,30.33,10,9,0,3,,296,1,1
2,27369330017,156.3333141,0.792566622,76.69085719,SCH,LILLA FREDRICK,2,1,2014,14,11,69,30.14,1,18,0.38,8,Fog-Snow,11,1,0
3,27369330017,158.5564886,0.844600507,65.82310105,SCH,LILLA FREDRICK,3,1,2014,8,-4,66,29.99,5,17,0.19,4,Fog-Snow,337,1,0
4,27369330017,156.8888292,0.847359941,64.34265864,SCH,LILLA FREDRICK,4,1,2014,15,1,50,30.38,10,12,0,2,,228,0,0
5,27369330017,160.4115936,0.857196996,66.08422715,SCH,LILLA FREDRICK,5,1,2014,31,26,74,30.19,8,8,0.04,6,Fog-Rain,148,0,0
6,27369330017,167.8952078,0.850003363,69.37081015,SCH,LILLA FREDRICK,6,1,2014,43,42,77,29.5,5,14,0.32,8,Fog-Rain,204,1,0
7,27369330017,164.4176144,0.815694015,70.80691217,SCH,LILLA FREDRICK,7,1,2014,19,-6,41,29.93,10,20,T,2,,272,1,0
8,27369330017,173.4958343,0.817216692,69.50893067,SCH,LILLA FREDRICK,8,1,2014,15,-3,48,30.39,10,13,0,1,,259,1,0
9,27369330017,172.1528957,0.812965898,72.4526795,SCH,LILLA FREDRICK,9,1,2014,25,5,49,30.56,10,9,0,2,,256,1,0
10,27369330017,168.1696947,0.82695715,72.74336459,SCH,LILLA FREDRICK,10,1,2014,28,25,80,30.44,5,5,0.02,8,Fog-Snow,179,1,0
11,27369330017,122.9750435,0.800901848,50.43018218,SCH,LILLA FREDRICK,11,1,2014,47,46,93,29.79,3,12,0.54,8,Fog-Rain-Thunderstorm,176,0,0
12,27369330017,117.3522807,0.807943129,43.79224526,SCH,LILLA FREDRICK,12,1,2014,46,30,67,29.61,10,16,T,5,Rain,272,0,0
13,27369330017,161.8826165,0.810911942,72.59491605,SCH,LILLA FREDRICK,13,1,2014,41,29,63,30.03,10,12,0,4,,212,1,0
14,27369330017,157.5181364,0.822138687,71.58196263,SCH,LILLA FREDRICK,14,1,2014,47,44,90,29.74,6,8,0.79,8,Fog-Rain,226,1,0
15,27369330017,158.6754918,0.803975947,72.83518794,SCH,LILLA FREDRICK,15,1,2014,42,35,76,29.94,9,7,T,4,,220,1,0
16,27369330017,161.5256255,0.819114513,72.21681378,SCH,LILLA FREDRICK,16,1,2014,36,35,93,29.89,2,3,0,8,Fog,33,1,0
17,27369330017,158.0131619,0.806517593,71.58521753,SCH,LILLA FREDRICK,17,1,2014,40,30,65,29.94,6,8,0,5,Fog,185,1,0
18,27369330017,118.4196098,0.79734325,48.56889294,SCH,LILLA FREDRICK,18,1,2014,35,32,87,29.74,5,7,0.79,8,Fog-Rain-Snow,17,0,0
19,27369330017,116.2456415,0.811405767,42.20692725,SCH,LILLA FREDRICK,19,1,2014,33,25,73,29.65,7,15,0.03,7,Fog-Snow,243,0,0
20,27369330017,124.2745899,0.781156529,54.31231838,SCH,LILLA FREDRICK,20,1,2014,34,21,56,29.61,10,15,0,7,,245,1,1
21,27369330017,167.2563311,0.817401725,72.60505707,SCH,LILLA FREDRICK,21,1,2014,19,3,58,29.99,5,12,0.11,7,Snow,352,1,0
22,27369330017,159.8422781,0.811735318,71.82484859,SCH,LILLA FREDRICK,22,1,2014,13,-2,60,29.77,6,17,T,6,Snow,338,1,0
23,27369330017,176.9596825,0.836257618,71.40364395,SCH,LILLA FREDRICK,23,1,2014,14,-6,45,30.03,10,13,0,2,,287,1,0
24,27369330017,181.7273548,0.806381141,82.88915024,SCH,LILLA FREDRICK,24,1,2014,13,-6,43,30.18,10,14,0,1,,268,1,0
25,27369330017,136.6450729,0.822561415,51.56247499,SCH,LILLA FREDRICK,25,1,2014,27,18,65,29.6,8,17,T,7,Snow,217,0,0
26,27369330017,132.9870997,0.853690181,42.45100569,SCH,LILLA FREDRICK,26,1,2014,21,2,51,29.72,10,16,0,4,,249,0,0
27,27369330017,171.6592,0.829496437,73.65778488,SCH,LILLA FREDRICK,27,1,2014,34,18,55,29.73,10,14,0.02,8,Rain,238,1,0
28,27369330017,174.9800369,0.810260892,76.00952015,SCH,LILLA FREDRICK,28,1,2014,17,-8,35,30.23,10,13,0,6,,273,1,0
29,27369330017,172.7482011,0.817624653,73.00933892,SCH,LILLA FREDRICK,29,1,2014,21,-3,41,30.11,9,10,0.01,4,Snow,285,1,0
30,27369330017,175.1040539,0.822488483,73.58239771,SCH,LILLA FREDRICK,30,1,2014,23,2,47,30.33,10,10,0,1,,243,1,0
31,27369330017,166.2781253,0.830687371,69.41496378,SCH,LILLA FREDRICK,31,1,2014,33,16,54,30.1,10,9,0,8,,244,1,0
32,27369330017,128.794067,0.82224308,47.315077,SCH,LILLA FREDRICK,1,2,2014,37,21,57,30.24,10,8,0,6,,209,0,0
33,27369330017,122.6880643,0.848427855,40.63891133,SCH,LILLA FREDRICK,2,2,2014,43,33,66,29.94,9,7,0.02,7,Rain,256,0,0
34,27369330017,172.5889217,0.871565599,66.48266487,SCH,LILLA FREDRICK,3,2,2014,34,26,74,30.19,5,9,0.17,8,Snow,11,1,0
35,27369330017,170.2599645,0.862893746,67.40250561,SCH,LILLA FREDRICK,4,2,2014,29,18,64,30.38,10,6,0,5,,275,1,0
36,27369330017,149.9083656,0.815599677,69.53652396,SCH,LILLA FREDRICK,5,2,2014,29,26,89,29.94,3,11,1.11,8,Fog-Snow,55,1,0
37,27369330017,169.2886284,0.845543589,71.31182035,SCH,LILLA FREDRICK,6,2,2014,24,11,64,30.18,10,8,T,5,Snow,299,1,0
38,27369330017,170.9723848,0.870788617,69.42036958,SCH,LILLA FREDRICK,7,2,2014,25,8,50,30.21,10,11,0,3,,259,1,0
39,27369330017,135.2998414,0.852854863,50.24014416,SCH,LILLA FREDRICK,8,2,2014,24,2,41,30.22,10,10,0,5,,274,0,0
40,27369330017,131.0608815,0.867236585,44.02978388,SCH,LILLA FREDRICK,9,2,2014,26,18,61,30.06,8,8,0.03,8,Snow,90,0,0
41,27369330017,173.9853811,0.859680517,69.97275923,SCH,LILLA FREDRICK,10,2,2014,25,12,64,30.03,9,12,T,3,Snow,288,1,0
42,27369330017,171.7136498,0.848915027,68.60318863,SCH,LILLA FREDRICK,11,2,2014,20,2,48,30.3,10,10,0,0,,305,1,0
43,27369330017,172.1727707,0.862655107,68.42313302,SCH,LILLA FREDRICK,12,2,2014,16,1,51,30.5,10,8,0,3,,93,1,0
44,27369330017,169.7167783,0.859523327,67.46013167,SCH,LILLA FREDRICK,13,2,2014,29,29,82,29.88,4,20,1,8,Fog-Rain-Snow,68,1,0
45,27369330017,166.2824965,0.865478303,67.83817826,SCH,LILLA FREDRICK,14,2,2014,33,26,74,29.1,6,18,0.31,6,Rain-Snow,298,1,0
46,27369330017,130.4862468,0.846395066,48.94955221,SCH,LILLA FREDRICK,15,2,2014,31,25,77,29.72,4,10,0.33,7,Fog-Snow,34,0,0
47,27369330017,128.1864046,0.867630918,43.26841873,SCH,LILLA FREDRICK,16,2,2014,28,12,61,29.72,9,17,0.02,6,Snow,294,0,0
48,27369330017,127.7689238,0.82242032,43.96047122,SCH,LILLA FREDRICK,17,2,2014,22,-3,37,30.22,10,15,0,1,,319,1,1
49,27369330017,153.5235639,0.86104432,53.98186989,SCH,LILLA FREDRICK,18,2,2014,25,20,63,30.07,6,11,0.22,7,Rain-Snow,1,1,0
50,27369330017,153.0621852,0.855577949,53.56067497,SCH,LILLA FREDRICK,19,2,2014,29,27,82,29.88,5,8,0.25,7,Fog-Rain-Snow,345,1,0
51,27369330017,150.9803261,0.836472642,55.71980728,SCH,LILLA FREDRICK,20,2,2014,41,27,60,30.12,9,9,0.08,4,Rain,257,1,0
52,27369330017,147.0592675,0.82884349,56.01338575,SCH,LILLA FREDRICK,21,2,2014,39,36,93,29.93,4,9,0.22,8,Fog-Rain-Thunderstorm,84,1,0
53,27369330017,127.8902442,0.80647152,50.03877895,SCH,LILLA FREDRICK,22,2,2014,42,27,64,29.92,10,14,0,1,,222,0,0
54,27369330017,124.7988017,0.82396452,45.08074588,SCH,LILLA FREDRICK,23,2,2014,43,26,56,29.91,10,6,0,6,,217,0,0
55,27369330017,169.8034043,0.828128738,70.98226162,SCH,LILLA FREDRICK,24,2,2014,35,11,41,29.81,10,16,0,4,,284,1,0
56,27369330017,173.4575967,0.826330826,71.330047,SCH,LILLA FREDRICK,25,2,2014,26,5,44,29.94,10,11,0,4,,277,1,0
57,27369330017,175.3321862,0.830776462,70.46462435,SCH,LILLA FREDRICK,26,2,2014,24,2,43,29.86,10,12,0,4,,259,1,0
58,27369330017,177.1629519,0.835996922,69.23314508,SCH,LILLA FREDRICK,27,2,2014,21,6,51,29.74,7,12,0.02,6,Snow,270,1,0
59,27369330017,175.0874811,0.8275478,69.26472231,SCH,LILLA FREDRICK,28,2,2014,18,-10,32,30.26,10,12,0,1,,285,1,0
60,27369330017,135.20327,0.799812764,51.58552894,SCH,LILLA FREDRICK,1,3,2014,26,7,40,30.31,10,6,0,4,,221,0,0
61,27369330017,127.831901,0.832821871,43.52437457,SCH,LILLA FREDRICK,2,3,2014,35,20,59,30.02,10,7,T,8,Snow,258,0,0
62,27369330017,175.312245,0.835229471,70.31285105,SCH,LILLA FREDRICK,3,3,2014,23,-1,39,30.14,10,12,0,6,,339,1,0
63,27369330017,175.2303541,0.82477681,72.15179097,SCH,LILLA FREDRICK,4,3,2014,22,-5,32,30.31,10,8,0,5,,280,1,0
64,27369330017,168.3297081,0.816616418,72.95578984,SCH,LILLA FREDRICK,5,3,2014,25,14,55,30.33,9,10,0,8,Snow,7,1,0
65,27369330017,171.8156287,0.810259691,74.09826024,SCH,LILLA FREDRICK,6,3,2014,18,1,46,30.58,10,7,0,1,,23,1,0
66,27369330017,166.8518025,0.810058381,73.79819658,SCH,LILLA FREDRICK,7,3,2014,25,18,64,30.27,10,5,0,5,,50,1,0
67,27369330017,125.4241242,0.769004824,55.6257691,SCH,LILLA FREDRICK,8,3,2014,41,23,54,29.8,10,8,0,4,,327,0,0
68,27369330017,119.6306949,0.784402826,46.07384984,SCH,LILLA FREDRICK,9,3,2014,37,8,35,29.9,10,11,0,5,,315,0,0
69,27369330017,164.0331056,0.812633371,73.46449799,SCH,LILLA FREDRICK,10,3,2014,36,23,60,29.79,7,8,0.03,8,Rain-Snow,216,1,0
70,27369330017,163.5348002,0.807691033,74.61953604,SCH,LILLA FREDRICK,11,3,2014,47,30,60,29.59,8,9,0,5,,254,1,0
71,27369330017,162.5135236,0.813310873,75.78658888,SCH,LILLA FREDRICK,12,3,2014,42,37,80,29.4,5,5,0.03,8,Rain,27,1,0
72,27369330017,164.628495,0.809335457,76.80146857,SCH,LILLA FREDRICK,13,3,2014,21,12,64,29.42,5,17,0.01,7,Rain-Snow,314,1,0
73,27369330017,163.9743912,0.805634925,74.64607761,SCH,LILLA FREDRICK,14,3,2014,28,8,44,30.05,10,14,0,3,,234,1,0
74,27369330017,121.5303448,0.779404335,54.07370909,SCH,LILLA FREDRICK,15,3,2014,48,30,56,29.77,10,15,0.01,5,Rain,248,0,0
75,27369330017,118.2947358,0.804117506,44.2466662,SCH,LILLA FREDRICK,16,3,2014,30,6,38,30.07,10,16,0,4,,295,0,0
76,27369330017,136.950281,0.776593756,57.11602736,SCH,LILLA FREDRICK,17,3,2014,22,0,43,30.14,10,8,0,5,,15,1,1
77,27369330017,166.0112502,0.806178304,73.215188,SCH,LILLA FREDRICK,18,3,2014,27,10,51,30.31,10,8,0,1,,59,1,0
78,27369330017,162.2748505,0.801324353,73.84363529,SCH,LILLA FREDRICK,19,3,2014,34,25,71,30.26,10,10,T,4,,76,1,0
79,27369330017,162.0982686,0.806969608,73.53089245,SCH,LILLA FREDRICK,20,3,2014,45,34,70,29.71,7,12,0.29,6,Rain,304,1,0
80,27369330017,159.917799,0.805054143,72.43003112,SCH,LILLA FREDRICK,21,3,2014,40,20,46,29.86,10,17,0,3,,273,1,0
81,27369330017,118.5578878,0.764036626,53.18318697,SCH,LILLA FREDRICK,22,3,2014,43,24,52,29.89,10,14,T,3,Rain,242,0,0
82,27369330017,113.3121929,0.786432249,44.82935602,SCH,LILLA FREDRICK,23,3,2014,33,13,42,29.97,10,13,0,7,,287,0,0
83,27369330017,164.4551985,0.809417153,73.49774433,SCH,LILLA FREDRICK,24,3,2014,25,-4,32,30.12,10,13,0,1,,321,1,0
84,27369330017,163.0967623,0.807604482,71.89738777,SCH,LILLA FREDRICK,25,3,2014,30,8,37,30.08,10,10,0,5,,219,1,0
85,27369330017,163.3427025,0.815943896,70.82927502,SCH,LILLA FREDRICK,26,3,2014,30,7,39,29.74,10,26,T,7,Snow,345,1,0
86,27369330017,164.4598174,0.809734966,71.73159611,SCH,LILLA FREDRICK,27,3,2014,34,1,27,30.24,10,14,0,3,,264,1,0
87,27369330017,156.3219429,0.805606232,72.19823689,SCH,LILLA FREDRICK,28,3,2014,48,36,66,30.07,10,14,0.02,8,Rain,217,1,0
88,27369330017,114.8117581,0.755781471,52.28851305,SCH,LILLA FREDRICK,29,3,2014,46,39,77,30.15,7,13,0.97,6,Rain,28,0,0
89,27369330017,108.8023339,0.786293463,43.19243331,SCH,LILLA FREDRICK,30,3,2014,40,37,91,29.71,3,17,2.23,8,Fog-Rain,16,0,0
90,27369330017,158.6443263,0.814691791,71.73146255,SCH,LILLA FREDRICK,31,3,2014,38,31,76,29.81,5,13,0.44,8,Rain-Snow,2,1,0
91,27369330017,158.956956,0.802066619,72.31656786,SCH,LILLA FREDRICK,1,4,2014,41,28,60,30.05,10,10,0,5,,28,1,0
92,27369330017,157.0767687,0.793071583,72.10924547,SCH,LILLA FREDRICK,2,4,2014,42,32,68,30.08,10,6,0,5,,37,1,0
93,27369330017,154.5990332,0.795197393,71.2095104,SCH,LILLA FREDRICK,3,4,2014,44,27,59,30.08,10,9,0,1,,11,1,0
94,27369330017,151.6650728,0.803163618,69.67400169,SCH,LILLA FREDRICK,4,4,2014,41,32,76,30.08,9,11,0.26,7,Rain,80,1,0
95,27369330017,112.6955779,0.783047508,47.05795412,SCH,LILLA FREDRICK,5,4,2014,46,34,67,29.79,7,14,0.23,7,Rain,329,0,0
96,27369330017,109.6174552,0.795713301,40.982203,SCH,LILLA FREDRICK,6,4,2014,47,20,37,30.08,10,9,0,0,,283,0,0
97,27369330017,152.7872283,0.814710715,68.48730571,SCH,LILLA FREDRICK,7,4,2014,49,30,59,30.14,9,8,0.04,7,Rain,139,1,0
98,27369330017,150.4877234,0.814271777,67.42723092,SCH,LILLA FREDRICK,8,4,2014,54,47,76,29.51,5,13,0.67,7,Rain,173,1,0
99,27369330017,151.0057648,0.807134314,66.96195894,SCH,LILLA FREDRICK,9,4,2014,50,26,45,29.67,10,13,0,2,,305,1,0
100,27369330017,150.722917,0.80386647,66.72238163,SCH,LILLA FREDRICK,10,4,2014,47,21,43,30.07,10,14,0,1,,220,1,0
101,27369330017,144.7142345,0.806131117,66.57164265,SCH,LILLA FREDRICK,11,4,2014,59,40,55,29.97,10,10,T,7,Rain,231,1,0
102,27369330017,101.2995746,0.75730067,46.40643572,SCH,LILLA FREDRICK,12,4,2014,59,35,53,30.11,10,9,0.04,4,Rain,280,0,0
103,27369330017,94.73829992,0.770093802,37.83386849,SCH,LILLA FREDRICK,13,4,2014,54,41,68,30.16,10,8,0.04,7,Rain,138,0,0
104,27369330017,144.5358166,0.795845271,68.18434363,SCH,LILLA FREDRICK,14,4,2014,66,52,63,29.95,10,22,0,6,,211,1,0
105,27369330017,147.6863471,0.802571645,69.90576642,SCH,LILLA FREDRICK,15,4,2014,55,55,77,29.72,6,24,0.62,8,Rain,209,1,0
106,27369330017,154.0318521,0.804951389,69.74357885,SCH,LILLA FREDRICK,16,4,2014,38,24,57,30.12,8,15,0.36,5,Rain-Snow,325,1,0
107,27369330017,154.6995961,0.801539614,69.8860826,SCH,LILLA FREDRICK,17,4,2014,36,23,61,30.75,10,14,0,3,,51,1,0
108,27369330017,123.4419906,0.776517005,48.18988613,SCH,LILLA FREDRICK,18,4,2014,37,30,75,30.47,10,9,0,7,,73,1,0
109,27369330017,112.1730019,0.747771165,50.65901653,SCH,LILLA FREDRICK,19,4,2014,50,30,56,30.24,10,12,0,4,,299,0,0
110,27369330017,109.7597519,0.775454242,42.96734383,SCH,LILLA FREDRICK,20,4,2014,44,27,57,30.46,10,9,0,3,,83,0,0
111,27369330017,105.1710363,0.775450621,43.74496147,SCH,LILLA FREDRICK,21,4,2014,53,32,52,30.08,10,9,0,4,,195,1,1
112,27369330017,128.8229126,0.790669328,52.88777167,SCH,LILLA FREDRICK,22,4,2014,60,42,62,29.62,10,12,0.05,5,Rain,205,1,0
113,27369330017,131.319667,0.814140262,51.880592,SCH,LILLA FREDRICK,23,4,2014,52,43,72,29.48,8,15,0.23,7,Rain,296,1,0
114,27369330017,126.3018795,0.773141869,54.22481319,SCH,LILLA FREDRICK,24,4,2014,51,23,37,29.72,10,21,0,1,,320,1,0
115,27369330017,121.8882067,0.763219394,52.75086111,SCH,LILLA FREDRICK,25,4,2014,50,29,45,29.92,10,11,0,5,,201,1,0
116,27369330017,107.8413637,0.773371256,47.80924935,SCH,LILLA FREDRICK,26,4,2014,45,38,75,29.83,8,7,0.2,7,Rain,79,0,0
117,27369330017,106.3411444,0.778588564,41.66634873,SCH,LILLA FREDRICK,27,4,2014,46,39,77,29.94,10,6,0.15,8,Rain,76,0,0
118,27369330017,148.959687,0.790399012,71.58454079,SCH,LILLA FREDRICK,28,4,2014,48,37,63,30.08,10,11,T,5,Rain,29,1,0
119,27369330017,151.9825678,0.794354509,71.45344161,SCH,LILLA FREDRICK,29,4,2014,43,35,76,30.44,10,17,T,8,Rain,63,1,0
120,27369330017,155.043199,0.806298885,70.54905074,SCH,LILLA FREDRICK,30,4,2014,43,37,83,30.45,9,14,0.35,8,Rain,94,1,0
121,27369330017,152.6964317,0.800305607,69.56282895,SCH,LILLA FREDRICK,1,5,2014,52,48,89,29.82,3,6,0.62,7,Fog-Rain,75,1,0
122,27369330017,148.8658266,0.79713471,69.31670376,SCH,LILLA FREDRICK,2,5,2014,60,38,58,29.71,10,10,0.01,5,Rain,288,1,0
123,27369330017,113.345211,0.799087417,48.74516163,SCH,LILLA FREDRICK,3,5,2014,59,39,50,29.8,10,9,0,5,,223,0,0
124,27369330017,107.6646932,0.820157016,40.87509275,SCH,LILLA FREDRICK,4,5,2014,56,37,54,29.6,10,16,T,5,Rain,257,0,0
125,27369330017,144.9650667,0.797552866,67.72171368,SCH,LILLA FREDRICK,5,5,2014,58,38,50,29.75,10,14,0,5,,315,1,0
126,27369330017,143.5151731,0.779258788,68.64826271,SCH,LILLA FREDRICK,6,5,2014,56,32,48,29.9,10,10,0,5,,318,1,0
127,27369330017,147.1703949,0.786424959,69.45521133,SCH,LILLA FREDRICK,7,5,2014,58,31,37,30.14,10,10,0,2,,280,1,0
128,27369330017,146.1493067,0.778989256,70.83029339,SCH,LILLA FREDRICK,8,5,2014,55,38,58,30.16,10,7,0,4,,115,1,0
129,27369330017,144.1519232,0.794899484,66.83798461,SCH,LILLA FREDRICK,9,5,2014,55,49,83,30.19,6,4,T,8,Rain,60,1,0
130,27369330017,110.5885425,0.76655732,51.92250286,SCH,LILLA FREDRICK,10,5,2014,69,59,68,29.85,8,12,0.34,8,Rain-Thunderstorm,222,0,0
131,27369330017,107.5278281,0.758199408,45.78848711,SCH,LILLA FREDRICK,11,5,2014,71,38,46,29.91,10,12,T,3,Rain,276,0,0
132,27369330017,157.476276,0.771588008,77.01224039,SCH,LILLA FREDRICK,12,5,2014,69,43,43,30.04,10,11,0,3,,234,1,0
133,27369330017,143.0258681,0.787467036,68.59704826,SCH,LILLA FREDRICK,13,5,2014,49,40,71,30.3,10,10,0,7,,69,1,0
134,27369330017,145.7634159,0.784915984,71.17894642,SCH,LILLA FREDRICK,14,5,2014,55,46,71,30.31,10,9,T,6,,121,1,0
135,27369330017,175.5152718,0.788540087,83.47919982,SCH,LILLA FREDRICK,15,5,2014,67,58,77,30.26,10,9,T,7,,159,1,0
136,27369330017,185.733784,0.785583005,91.59632456,SCH,LILLA FREDRICK,16,5,2014,66,60,82,30.09,8,14,0.06,8,Rain,164,1,0
137,27369330017,139.4412342,0.78016261,66.78914464,SCH,LILLA FREDRICK,17,5,2014,67,54,64,29.92,7,13,0.65,6,Rain,215,0,0
138,27369330017,128.972283,0.8182719,48.20717993,SCH,LILLA FREDRICK,18,5,2014,58,41,53,30.06,10,9,0,4,,357,0,0
139,27369330017,159.6070104,0.797391315,77.18147563,SCH,LILLA FREDRICK,19,5,2014,60,37,53,30.05,10,13,0.05,5,Rain,318,1,0
140,27369330017,150.6392541,0.779779195,75.50969155,SCH,LILLA FREDRICK,20,5,2014,61,44,55,29.98,10,9,T,4,,286,1,0
141,27369330017,163.6537034,0.790807648,82.03160803,SCH,LILLA FREDRICK,21,5,2014,59,49,74,29.98,10,7,0,3,,97,1,0
142,27369330017,154.1148066,0.798065711,74.62585818,SCH,LILLA FREDRICK,22,5,2014,55,51,90,29.91,5,8,0.25,6,Fog-Rain,92,1,0
143,27369330017,153.6467907,0.791677402,72.09759935,SCH,LILLA FREDRICK,23,5,2014,55,50,89,29.93,8,9,0.02,8,Rain,92,1,0
144,27369330017,113.0088967,0.768420291,51.38247965,SCH,LILLA FREDRICK,24,5,2014,57,48,71,30.01,10,8,0.18,7,Rain,52,0,0
145,27369330017,112.9428638,0.783113894,46.56095893,SCH,LILLA FREDRICK,25,5,2014,59,51,79,30.06,10,7,0,5,,118,0,0
146,27369330017,124.5957316,0.774717537,53.007455,SCH,LILLA FREDRICK,26,5,2014,67,53,63,29.88,10,12,0.01,6,Rain,239,1,1
147,27369330017,161.8322684,0.787090313,82.77659699,SCH,LILLA FREDRICK,27,5,2014,62,51,71,29.9,6,12,0.48,7,Fog-Rain-Thunderstorm,57,1,0
148,27369330017,139.1843474,0.794196152,64.77319037,SCH,LILLA FREDRICK,28,5,2014,47,45,85,30.06,5,15,0.08,7,Rain,43,1,0
149,27369330017,139.2320457,0.782429817,67.21632655,SCH,LILLA FREDRICK,29,5,2014,51,42,67,30.21,10,8,0,3,,68,1,0
150,27369330017,139.9081657,0.776115216,72.53207527,SCH,LILLA FREDRICK,30,5,2014,57,48,73,30.06,10,8,0.11,5,Rain-Thunderstorm,127,1,0
151,27369330017,101.2474275,0.760242853,50.05145291,SCH,LILLA FREDRICK,31,5,2014,56,46,68,30.18,10,10,T,5,,28,0,0
152,27369330017,103.750583,0.773671877,44.81741484,SCH,LILLA FREDRICK,1,6,2014,59,44,61,30.29,10,8,0,2,,98,0,0
153,27369330017,176.7141139,0.816793847,83.98119745,SCH,LILLA FREDRICK,2,6,2014,70,48,44,30.12,10,9,0,3,,205,1,0
154,27369330017,191.6745822,0.84285226,87.85429081,SCH,LILLA FREDRICK,3,6,2014,65,53,72,29.97,10,11,0,2,,130,1,0
155,27369330017,180.7224803,0.842605042,80.19459562,SCH,LILLA FREDRICK,4,6,2014,58,53,80,29.86,10,6,0.14,8,Rain,81,1,0
156,27369330017,178.9868541,0.854263966,80.79324146,SCH,LILLA FREDRICK,5,6,2014,59,57,92,29.71,4,7,0.78,7,Fog-Rain,25,1,0
157,27369330017,173.1851861,0.827038252,81.88454418,SCH,LILLA FREDRICK,6,6,2014,67,53,67,29.77,10,11,0,4,,292,1,0
158,27369330017,138.7646485,0.823462367,58.7911597,SCH,LILLA FREDRICK,7,6,2014,71,55,58,29.9,10,8,0,2,,241,0,0
159,27369330017,133.0820784,0.818866947,53.15440588,SCH,LILLA FREDRICK,8,6,2014,74,55,55,29.91,10,8,0,4,,151,0,0
160,27369330017,196.9679761,0.828495915,93.79217397,SCH,LILLA FREDRICK,9,6,2014,74,55,56,29.95,10,11,T,7,,232,1,0
161,27369330017,215.294971,0.826516421,101.918146,SCH,LILLA FREDRICK,10,6,2014,69,61,80,29.99,8,9,0.85,8,Fog-Rain,117,1,0
162,27369330017,192.0000743,0.824073363,89.09902229,SCH,LILLA FREDRICK,11,6,2014,61,54,79,30.17,10,10,T,5,Rain,66,1,0
163,27369330017,192.4620562,0.83078629,89.15327844,SCH,LILLA FREDRICK,12,6,2014,63,55,79,30.13,10,12,T,8,,97,1,0
164,27369330017,184.7325868,0.834795112,83.45321459,SCH,LILLA FREDRICK,13,6,2014,62,59,89,29.92,3,10,0.54,8,Fog-Rain,73,1,0
165,27369330017,142.6397428,0.831987653,57.73347589,SCH,LILLA FREDRICK,14,6,2014,68,58,79,29.84,6,8,0.01,7,Fog-Rain,356,0,0
166,27369330017,134.3690333,0.829466729,48.34107532,SCH,LILLA FREDRICK,15,6,2014,69,51,56,29.97,10,12,0,4,,312,0,0
167,27369330017,194.8160263,0.825652142,91.80546316,SCH,LILLA FREDRICK,16,6,2014,68,49,50,30.09,10,10,0,5,,65,1,0
168,27369330017,168.9443601,0.826575072,69.31526492,SCH,LILLA FREDRICK,17,6,2014,73,62,70,29.98,9,11,0.02,6,Rain,204,1,1
169,27369330017,226.6100934,0.837574422,105.477169,SCH,LILLA FREDRICK,18,6,2014,78,61,64,29.81,10,14,T,5,Rain,275,1,0
170,27369330017,218.4940311,0.833292312,101.8717652,SCH,LILLA FREDRICK,19,6,2014,76,51,45,29.93,10,11,0,5,,317,1,0
171,27369330017,194.6117077,0.828464805,88.33603928,SCH,LILLA FREDRICK,20,6,2014,69,41,38,29.93,10,12,0,2,,319,1,0
172,27369330017,144.7177664,0.841599506,58.68149937,SCH,LILLA FREDRICK,21,6,2014,66,46,50,29.93,10,7,0,3,,318,0,0
173,27369330017,130.6245,0.856923023,46.90613439,SCH,LILLA FREDRICK,22,6,2014,65,47,56,29.98,10,8,0,3,,91,0,0
174,27369330017,205.4999913,0.847925135,89.01416229,SCH,LILLA FREDRICK,23,6,2014,68,53,65,30.12,10,9,0,3,,146,1,0
175,27369330017,212.7666651,0.822492715,94.08418618,SCH,LILLA FREDRICK,24,6,2014,72,56,63,30.1,10,13,0,4,,197,1,0
176,27369330017,225.3407395,0.827044996,102.1230182,SCH,LILLA FREDRICK,25,6,2014,78,63,65,29.93,10,15,0,3,,212,1,0
177,27369330017,219.9161772,0.833895861,98.46855621,SCH,LILLA FREDRICK,26,6,2014,71,65,82,29.86,9,10,0.28,7,Rain,129,1,0
178,27369330017,192.0213783,0.832230522,91.09977058,SCH,LILLA FREDRICK,27,6,2014,66,47,56,30.12,10,8,0,2,,85,1,0
179,27369330017,154.7264929,0.84641581,62.7021034,SCH,LILLA FREDRICK,28,6,2014,70,52,54,30.25,10,7,0,3,,157,0,0
180,27369330017,143.1429251,0.840916135,55.76822818,SCH,LILLA FREDRICK,29,6,2014,74,55,54,30.19,10,9,0,5,,190,0,0
181,27369330017,218.5450718,0.84336043,98.75900598,SCH,LILLA FREDRICK,30,6,2014,77,59,59,30,10,13,0,3,,223,1,0
182,27369330017,235.6376989,0.854029935,107.775452,SCH,LILLA FREDRICK,1,7,2014,79,65,67,29.86,10,14,0,5,,214,1,0
183,27369330017,244.3043388,0.86132778,110.6689677,SCH,LILLA FREDRICK,2,7,2014,82,69,66,29.88,10,15,T,3,Rain,203,1,0
184,27369330017,237.2554952,0.859457234,106.5577323,SCH,LILLA FREDRICK,3,7,2014,81,70,69,29.94,9,10,0.28,6,Rain-Thunderstorm,204,1,0
185,27369330017,158.3059005,0.857962557,66.34868762,SCH,LILLA FREDRICK,4,7,2014,70,65,85,29.92,5,8,1.88,7,Rain,2,1,1
186,27369330017,144.0602809,0.853144031,56.88374069,SCH,LILLA FREDRICK,5,7,2014,70,53,61,29.88,9,17,0.35,6,Rain,292,0,0
187,27369330017,133.3532477,0.848584403,48.48907268,SCH,LILLA FREDRICK,6,7,2014,76,51,49,29.93,10,15,0,2,,243,0,0
188,27369330017,226.5454762,0.853130753,104.6605437,SCH,LILLA FREDRICK,7,7,2014,79,64,62,29.78,10,15,0.08,4,Rain-Thunderstorm,220,1,0
189,27369330017,240.2503727,0.854866726,111.0979479,SCH,LILLA FREDRICK,8,7,2014,83,66,64,29.74,10,15,T,6,Rain,218,1,0
190,27369330017,235.5367907,0.853361266,108.5687151,SCH,LILLA FREDRICK,9,7,2014,81,64,65,29.81,10,14,0,5,,221,1,0
191,27369330017,228.6426254,0.844132779,108.7761197,SCH,LILLA FREDRICK,10,7,2014,74,56,59,30.06,10,8,0,4,,272,1,0
192,27369330017,209.7742902,0.833782776,96.80413098,SCH,LILLA FREDRICK,11,7,2014,68,57,71,30.2,10,7,0,4,,67,1,0
193,27369330017,165.5486597,0.840399072,69.31731526,SCH,LILLA FREDRICK,12,7,2014,71,60,66,30.18,10,8,0,1,,163,0,0
194,27369330017,145.0460011,0.838371823,54.66624053,SCH,LILLA FREDRICK,13,7,2014,77,61,61,30.01,10,16,T,5,,202,0,0
195,27369330017,231.9209086,0.854161141,100.5375255,SCH,LILLA FREDRICK,14,7,2014,79,70,81,29.88,7,10,0.67,8,Rain,203,1,0
196,27369330017,238.5794294,0.852553906,106.6149506,SCH,LILLA FREDRICK,15,7,2014,78,72,85,29.8,8,11,T,8,Rain,191,1,0
197,27369330017,238.31139,0.852886422,108.7954616,SCH,LILLA FREDRICK,16,7,2014,73,70,81,29.78,7,8,0.85,8,Fog-Rain-Thunderstorm,194,1,0
198,27369330017,218.4577336,0.839488861,99.49150462,SCH,LILLA FREDRICK,17,7,2014,74,57,58,29.94,10,8,0,5,,293,1,0
199,27369330017,208.578457,0.832784022,94.6634313,SCH,LILLA FREDRICK,18,7,2014,71,56,64,30.17,10,8,0,3,,137,1,0
200,27369330017,159.5523213,0.840779299,65.57205682,SCH,LILLA FREDRICK,19,7,2014,68,61,83,30.24,10,5,0,6,,98,0,0
201,27369330017,137.3274666,0.831657131,51.47502859,SCH,LILLA FREDRICK,20,7,2014,67,59,75,30.19,10,7,T,7,,56,0,0
202,27369330017,211.0988197,0.838318875,95.06558448,SCH,LILLA FREDRICK,21,7,2014,67,61,84,30.18,8,6,0,4,Fog,52,1,0
203,27369330017,225.6034492,0.84253636,99.57602666,SCH,LILLA FREDRICK,22,7,2014,75,65,72,30.08,10,10,0,2,,187,1,0
204,27369330017,237.3066635,0.848934606,106.3598584,SCH,LILLA FREDRICK,23,7,2014,82,68,64,29.85,10,13,0,4,,217,1,0
205,27369330017,222.5789217,0.84767138,99.35661045,SCH,LILLA FREDRICK,24,7,2014,70,64,81,29.82,10,8,T,7,,35,1,0
206,27369330017,205.3691763,0.839878354,93.87380109,SCH,LILLA FREDRICK,25,7,2014,73,54,56,29.94,9,8,0,2,,279,1,0
207,27369330017,160.4271143,0.855457369,66.21034686,SCH,LILLA FREDRICK,26,7,2014,75,58,58,29.93,10,12,0,3,,219,0,0
208,27369330017,143.2977927,0.85132762,54.19545242,SCH,LILLA FREDRICK,27,7,2014,73,67,82,29.77,8,9,0.35,6,Rain,193,0,0
209,27369330017,226.0244884,0.85023961,98.87468837,SCH,LILLA FREDRICK,28,7,2014,75,67,77,29.56,7,11,0.11,6,Rain-Thunderstorm,179,1,0
210,27369330017,215.1542751,0.838264704,95.65146059,SCH,LILLA FREDRICK,29,7,2014,72,57,63,29.79,10,9,0,3,,265,1,0
211,27369330017,209.5707852,0.842835201,94.49278052,SCH,LILLA FREDRICK,30,7,2014,71,55,55,29.99,10,7,0,3,,205,1,0
212,27369330017,211.9577057,0.844685718,94.47419956,SCH,LILLA FREDRICK,31,7,2014,72,58,66,30.09,10,10,0,3,,199,1,0
213,27369330017,220.06559,0.842756902,97.921496,SCH,LILLA FREDRICK,1,8,2014,74,64,73,30.2,10,9,0,4,,177,1,0
214,27369330017,167.3666573,0.854238092,67.4642982,SCH,LILLA FREDRICK,2,8,2014,67,61,86,30.19,8,5,0.03,7,Rain,102,0,0
215,27369330017,141.5458491,0.84352304,51.48558386,SCH,LILLA FREDRICK,3,8,2014,66,60,85,30.11,9,5,T,7,Rain,73,0,0
216,27369330017,218.5524316,0.836872212,98.99312953,SCH,LILLA FREDRICK,4,8,2014,71,65,81,30.02,9,8,T,3,,185,1,0
217,27369330017,225.6500388,0.840806108,102.3005327,SCH,LILLA FREDRICK,5,8,2014,76,66,74,29.96,10,8,0,2,,163,1,0
218,27369330017,219.4803437,0.840351902,99.7505903,SCH,LILLA FREDRICK,6,8,2014,77,60,53,29.83,10,8,0.01,6,,319,1,0
219,27369330017,208.3679043,0.837334738,95.06186882,SCH,LILLA FREDRICK,7,8,2014,72,54,60,29.88,10,8,0.01,3,Rain,299,1,0
220,27369330017,196.6843235,0.829387821,89.42212489,SCH,LILLA FREDRICK,8,8,2014,73,53,53,29.98,10,10,0,2,,302,1,0
221,27369330017,153.138053,0.854815436,58.64354966,SCH,LILLA FREDRICK,9,8,2014,72,56,56,30.06,10,8,0,1,,195,0,0
222,27369330017,140.5905809,0.852355636,53.72651019,SCH,LILLA FREDRICK,10,8,2014,73,57,59,30.11,10,8,0,2,,97,0,0
223,27369330017,211.9137707,0.835081646,97.98699002,SCH,LILLA FREDRICK,11,8,2014,75,59,62,30.12,10,9,0,2,,189,1,0
224,27369330017,212.151925,0.835415268,97.62375093,SCH,LILLA FREDRICK,12,8,2014,73,62,71,30.09,10,9,0,5,,154,1,0
225,27369330017,211.2991687,0.843974288,96.66378279,SCH,LILLA FREDRICK,13,8,2014,67,64,91,29.79,5,14,1.06,8,Rain,111,1,0
226,27369330017,199.5714274,0.830496948,92.99556373,SCH,LILLA FREDRICK,14,8,2014,70,53,63,29.77,10,12,0,2,,273,1,0
227,27369330017,189.137266,0.829873245,88.07262616,SCH,LILLA FREDRICK,15,8,2014,68,52,63,29.88,10,8,T,6,Rain,269,1,0
228,27369330017,156.6097393,0.835919804,65.25795383,SCH,LILLA FREDRICK,16,8,2014,70,52,55,29.93,10,12,0,7,,234,0,0
229,27369330017,148.5832932,0.843798732,60.10686304,SCH,LILLA FREDRICK,17,8,2014,73,58,69,29.82,10,9,T,5,,260,0,0
230,27369330017,197.7752357,0.831900643,92.17074878,SCH,LILLA FREDRICK,18,8,2014,71,51,54,29.82,10,10,0,2,,311,1,0
231,27369330017,194.7221375,0.835741952,87.08851854,SCH,LILLA FREDRICK,19,8,2014,67,52,61,29.91,10,8,0,1,,89,1,0
232,27369330017,203.9329411,0.836295692,93.11753546,SCH,LILLA FREDRICK,20,8,2014,67,58,73,30.02,10,5,0,2,,94,1,0
233,27369330017,200.5355193,0.844608329,89.94892146,SCH,LILLA FREDRICK,21,8,2014,66,62,85,30.08,10,6,0,6,,60,1,0
234,27369330017,197.045876,0.835799104,91.94379516,SCH,LILLA FREDRICK,22,8,2014,68,62,81,30.09,10,10,0.08,7,Rain,34,1,0
235,27369330017,150.7701967,0.84198022,60.19070512,SCH,LILLA FREDRICK,23,8,2014,67,58,76,30.12,10,9,0,4,,32,0,0
236,27369330017,135.5468618,0.846999527,51.36456926,SCH,LILLA FREDRICK,24,8,2014,69,54,59,30.13,10,6,0,2,,125,0,0
237,27369330017,212.0245154,0.840072395,96.8750145,SCH,LILLA FREDRICK,25,8,2014,74,60,64,30.12,10,7,0,1,,104,1,0
238,27369330017,218.4592054,0.84650639,98.82121551,SCH,LILLA FREDRICK,26,8,2014,75,63,72,30.1,10,11,0,1,,185,1,0
239,27369330017,228.4978129,0.842361558,104.0612336,SCH,LILLA FREDRICK,27,8,2014,79,64,63,29.92,10,13,0.02,3,Rain,226,1,0
240,27369330017,213.6449442,0.843036941,97.59845321,SCH,LILLA FREDRICK,28,8,2014,73,54,59,29.84,10,13,0,3,,326,1,0
241,27369330017,195.1168997,0.834500948,89.53857111,SCH,LILLA FREDRICK,29,8,2014,65,52,69,30.16,10,10,0,2,,57,1,0
242,27369330017,149.8432944,0.849744291,60.97959722,SCH,LILLA FREDRICK,30,8,2014,69,56,66,30.23,10,10,0,2,,194,0,0
243,27369330017,143.7636617,0.84734555,52.78743048,SCH,LILLA FREDRICK,31,8,2014,76,69,81,30.02,9,13,0.54,7,Rain,217,0,0
244,27369330017,153.1235487,0.844607279,60.08690458,SCH,LILLA FREDRICK,1,9,2014,79,70,74,29.94,10,8,0,5,,188,1,1
245,27369330017,249.791218,0.863808191,109.5272727,SCH,LILLA FREDRICK,2,9,2014,82,71,70,29.84,10,9,0.01,3,Rain-Thunderstorm,214,1,0
246,27369330017,229.8075457,0.852225678,104.3124836,SCH,LILLA FREDRICK,3,9,2014,79,59,62,29.92,10,12,0,3,,279,1,0
247,27369330017,226.0466221,0.855852935,101.5393955,SCH,LILLA FREDRICK,4,9,2014,75,57,58,30.13,10,8,0,1,,233,1,0
248,27369330017,243.0342396,0.862814815,108.1698734,SCH,LILLA FREDRICK,5,9,2014,79,65,63,30.08,10,12,0,1,,212,1,0
249,27369330017,178.6899021,0.857095187,71.96906535,SCH,LILLA FREDRICK,6,9,2014,81,69,68,29.87,9,15,0.22,5,Rain-Thunderstorm,246,0,0
250,27369330017,144.2031314,0.84177508,53.53456407,SCH,LILLA FREDRICK,7,9,2014,70,57,59,30.06,10,8,0.15,4,Rain,5,0,0
251,27369330017,214.2324284,0.860770454,93.43687388,SCH,LILLA FREDRICK,8,9,2014,65,54,69,30.34,10,10,0,3,,51,1,0
252,27369330017,206.8630303,0.859808775,92.10702571,SCH,LILLA FREDRICK,9,9,2014,65,56,74,30.29,10,10,0,5,,59,1,0
253,27369330017,208.7908493,0.856514533,93.66424141,SCH,LILLA FREDRICK,10,9,2014,65,59,82,30.13,9,8,0,6,,32,1,0
254,27369330017,219.5908221,0.860350893,97.68739094,SCH,LILLA FREDRICK,11,9,2014,71,62,79,29.91,8,13,0,7,,200,1,0
255,27369330017,195.698908,0.862071421,84.96386413,SCH,LILLA FREDRICK,12,9,2014,62,50,63,30.08,10,9,0,2,,337,1,0
256,27369330017,121.8915476,0.847527799,47.46470299,SCH,LILLA FREDRICK,13,9,2014,60,53,80,30.2,9,11,0.13,7,Rain,22,0,0
257,27369330017,113.3711012,0.846365743,42.2756944,SCH,LILLA FREDRICK,14,9,2014,59,47,68,30.18,10,10,0,3,,309,0,0
258,27369330017,158.0108731,0.861643965,64.44534107,SCH,LILLA FREDRICK,15,9,2014,58,45,61,30.18,10,7,0,2,,35,1,0
259,27369330017,163.9837162,0.863893204,66.1627589,SCH,LILLA FREDRICK,16,9,2014,60,52,74,30.01,10,5,T,5,Rain,175,1,0
260,27369330017,170.2772626,0.851883494,70.38209589,SCH,LILLA FREDRICK,17,9,2014,62,50,66,29.98,10,7,0,1,,213,1,0
261,27369330017,172.8773873,0.862403683,69.59128336,SCH,LILLA FREDRICK,18,9,2014,65,47,54,29.99,10,7,0,3,,322,1,0
262,27369330017,154.1103204,0.870510918,60.46766581,SCH,LILLA FREDRICK,19,9,2014,51,35,53,30.36,10,10,0,2,,59,1,0
263,27369330017,115.5781983,0.83955085,45.17512451,SCH,LILLA FREDRICK,20,9,2014,60,48,66,30.26,10,12,0,3,,189,0,0
264,27369330017,121.5910246,0.843883133,45.81913047,SCH,LILLA FREDRICK,21,9,2014,73,64,80,29.78,10,8,0.01,7,Rain,170,0,0
265,27369330017,184.4332634,0.85378081,74.03907729,SCH,LILLA FREDRICK,22,9,2014,64,52,66,29.73,10,15,0,2,,266,1,0
266,27369330017,168.0432296,0.859547434,68.57921853,SCH,LILLA FREDRICK,23,9,2014,61,41,51,30.26,10,7,0,2,,280,1,0
267,27369330017,170.5596168,0.860003445,68.28113764,SCH,LILLA FREDRICK,24,9,2014,60,51,74,30.57,10,10,0,3,,52,1,0
268,27369330017,169.7048743,0.868715738,67.62276392,SCH,LILLA FREDRICK,25,9,2014,58,51,76,30.41,10,7,0,6,,47,1,0
269,27369330017,175.0683422,0.858873216,70.68884713,SCH,LILLA FREDRICK,26,9,2014,62,51,68,30.2,10,5,0,3,,27,1,0
270,27369330017,142.982842,0.834577228,58.10935079,SCH,LILLA FREDRICK,27,9,2014,71,55,62,30.15,10,5,0,0,,249,0,0
271,27369330017,136.0833418,0.841260162,52.84874302,SCH,LILLA FREDRICK,28,9,2014,74,60,65,30.07,10,5,0,1,,211,0,0
272,27369330017,190.7427196,0.855663796,78.83147315,SCH,LILLA FREDRICK,29,9,2014,66,58,75,29.98,8,10,T,6,Rain,14,1,0
273,27369330017,168.313319,0.88364073,65.23303108,SCH,LILLA FREDRICK,30,9,2014,57,55,97,30.02,8,9,0.18,8,Rain,20,1,0
274,26437521003,89.7572076,0.798306428,50.34269021,SCH,W H OHRENBERGER,1,1,2014,24,5,43,30.33,10,9,0,3,,296,1,1
275,26437521003,113.3567915,0.879715186,60.33656478,SCH,W H OHRENBERGER,10,1,2014,28,25,80,30.44,5,5,0.02,8,Fog-Snow,179,1,0
276,26437521003,90.9047696,0.778068987,54.18941278,SCH,W H OHRENBERGER,11,1,2014,47,46,93,29.79,3,12,0.54,8,Fog-Rain-Thunderstorm,176,0,0
277,26437521003,79.70571334,0.771792648,49.23196988,SCH,W H OHRENBERGER,12,1,2014,46,30,67,29.61,10,16,T,5,Rain,272,0,0
278,26437521003,114.0269547,0.877018906,62.17456623,SCH,W H OHRENBERGER,13,1,2014,41,29,63,30.03,10,12,0,4,,212,1,0
279,26437521003,113.0515643,0.862162998,62.22599882,SCH,W H OHRENBERGER,14,1,2014,47,44,90,29.74,6,8,0.79,8,Fog-Rain,226,1,0
280,26437521003,111.52924,0.852853475,64.62056523,SCH,W H OHRENBERGER,15,1,2014,42,35,76,29.94,9,7,T,4,,220,1,0
281,26437521003,112.2832125,0.848352017,64.32731979,SCH,W H OHRENBERGER,16,1,2014,36,35,93,29.89,2,3,0,8,Fog,33,1,0
282,26437521003,107.741529,0.819988936,63.31924686,SCH,W H OHRENBERGER,17,1,2014,40,30,65,29.94,6,8,0,5,Fog,185,1,0
283,26437521003,87.26760827,0.788260817,55.20082453,SCH,W H OHRENBERGER,18,1,2014,35,32,87,29.74,5,7,0.79,8,Fog-Rain-Snow,17,0,0
284,26437521003,79.62717065,0.770362535,48.90644569,SCH,W H OHRENBERGER,19,1,2014,33,25,73,29.65,7,15,0.03,7,Fog-Snow,243,0,0
285,26437521003,103.6554659,0.801397102,60.03249455,SCH,W H OHRENBERGER,2,1,2014,14,11,69,30.14,1,18,0.38,8,Fog-Snow,11,1,0
286,26437521003,94.27774616,0.776106064,56.26504879,SCH,W H OHRENBERGER,20,1,2014,34,21,56,29.61,10,15,0,7,,245,1,1
287,26437521003,118.0572337,0.814514831,61.03014951,SCH,W H OHRENBERGER,21,1,2014,19,3,58,29.99,5,12,0.11,7,Snow,352,1,0
288,26437521003,108.3094814,0.780027028,60.66328021,SCH,W H OHRENBERGER,22,1,2014,13,-2,60,29.77,6,17,T,6,Snow,338,1,0
289,26437521003,117.6253806,0.799909119,62.77864994,SCH,W H OHRENBERGER,23,1,2014,14,-6,45,30.03,10,13,0,2,,287,1,0
290,26437521003,122.1763669,0.805583402,65.83620831,SCH,W H OHRENBERGER,24,1,2014,13,-6,43,30.18,10,14,0,1,,268,1,0
291,26437521003,95.62148611,0.769464583,56.09319122,SCH,W H OHRENBERGER,25,1,2014,27,18,65,29.6,8,17,T,7,Snow,217,0,0
292,26437521003,84.53744812,0.762571092,51.12306145,SCH,W H OHRENBERGER,26,1,2014,21,2,51,29.72,10,16,0,4,,249,0,0
293,26437521003,118.8865497,0.799013529,64.51233743,SCH,W H OHRENBERGER,27,1,2014,34,18,55,29.73,10,14,0.02,8,Rain,238,1,0
294,26437521003,121.4661272,0.808098297,64.34938135,SCH,W H OHRENBERGER,28,1,2014,17,-8,35,30.23,10,13,0,6,,273,1,0
295,26437521003,119.4311359,0.807462493,63.21551226,SCH,W H OHRENBERGER,29,1,2014,21,-3,41,30.11,9,10,0.01,4,Snow,285,1,0
296,26437521003,96.13526325,0.771108901,57.82142057,SCH,W H OHRENBERGER,3,1,2014,8,-4,66,29.99,5,17,0.19,4,Fog-Snow,337,1,0
297,26437521003,120.2085051,0.810217501,62.71938588,SCH,W H OHRENBERGER,30,1,2014,23,2,47,30.33,10,10,0,1,,243,1,0
298,26437521003,113.5812471,0.814624828,59.56652889,SCH,W H OHRENBERGER,31,1,2014,33,16,54,30.1,10,9,0,8,,244,1,0
299,26437521003,105.2509183,0.776349056,61.49323977,SCH,W H OHRENBERGER,4,1,2014,15,1,50,30.38,10,12,0,2,,228,0,0
300,26437521003,94.05758996,0.764873615,57.3320083,SCH,W H OHRENBERGER,5,1,2014,31,26,74,30.19,8,8,0.04,6,Fog-Rain,148,0,0
301,26437521003,116.9458151,0.840426276,63.01988942,SCH,W H OHRENBERGER,6,1,2014,43,42,77,29.5,5,14,0.32,8,Fog-Rain,204,1,0
302,26437521003,113.6120059,0.826191818,60.68180746,SCH,W H OHRENBERGER,7,1,2014,19,-6,41,29.93,10,20,T,2,,272,1,0
303,26437521003,114.1944971,0.95740843,59.73312995,SCH,W H OHRENBERGER,8,1,2014,15,-3,48,30.39,10,13,0,1,,259,1,0
304,26437521003,116.9837554,0.876233348,60.42487995,SCH,W H OHRENBERGER,9,1,2014,25,5,49,30.56,10,9,0,2,,256,1,0
305,27369330017,160.4307578,0.888980641,61.75114627,SCH,LILLA FREDRICK,1,10,2014,57,56,97,30.07,4,16,1.16,8,Rain,29,1,0
306,27369330017,161.6947564,0.881471009,61.9009797,SCH,LILLA FREDRICK,2,10,2014,54,52,92,30.15,8,14,0.16,7,Rain,22,1,0
307,27369330017,156.3119037,0.873626784,61.0850446,SCH,LILLA FREDRICK,3,10,2014,52,50,89,30.04,8,8,0.01,6,Rain,3,1,0
308,27369330017,117.2488305,0.853538143,44.52139784,SCH,LILLA FREDRICK,4,10,2014,58,57,97,29.71,4,8,0.35,8,Fog-Rain,107,0,0
309,27369330017,106.2055912,0.849681866,38.62377783,SCH,LILLA FREDRICK,5,10,2014,55,42,67,29.74,10,12,0,2,,260,0,0
310,27369330017,156.2022577,0.870359429,60.69777617,SCH,LILLA FREDRICK,6,10,2014,55,42,60,30.09,10,8,0,0,,192,1,0
311,27369330017,171.3646178,0.870499491,68.44350522,SCH,LILLA FREDRICK,7,10,2014,64,57,71,30.07,10,13,0.01,5,Rain,172,1,0
312,27369330017,180.8634277,0.861126402,72.54151617,SCH,LILLA FREDRICK,8,10,2014,66,54,66,29.8,10,14,0.01,5,Rain,215,1,0
313,27369330017,161.9891792,0.868549786,63.83412911,SCH,LILLA FREDRICK,9,10,2014,58,37,46,29.92,10,12,0,2,,250,1,0
314,26440101009,130.0279486,0.887670403,62.06325085,PWD,BLDG,1,10,2014,57,56,97,30.07,4,16,1.16,8,Rain,29,1,0
315,26440101009,131.2173238,0.851672167,58.70315469,PWD,BLDG,10,10,2014,57,36,48,30.07,10,10,0,4,,281,1,0
316,26440101009,103.2662635,0.844099217,47.57770394,PWD,BLDG,11,10,2014,51,42,72,30.11,9,5,0.31,6,Rain,325,0,0
317,26440101009,91.25082553,0.836095438,43.25807591,PWD,BLDG,12,10,2014,52,40,70,30.24,10,9,0,1,,282,0,0
318,26440101009,102.2764314,0.842336783,46.78139166,PWD,BLDG,13,10,2014,54,46,69,30.32,10,8,0,6,,205,1,1
319,26440101009,144.6930235,0.856979327,64.68928195,PWD,BLDG,14,10,2014,68,60,75,30.21,10,11,0,5,,201,1,0
320,26440101009,148.3810056,0.890463239,67.23897492,PWD,BLDG,15,10,2014,71,63,74,30.08,10,9,0,4,,168,1,0
321,26440101009,149.8372399,0.877873438,68.370322,PWD,BLDG,16,10,2014,65,64,94,29.82,8,10,0.63,8,Rain,147,1,0
322,26440101009,140.1968926,0.881764185,64.64376676,PWD,BLDG,17,10,2014,64,57,76,29.65,9,11,0,3,,210,1,0
323,26440101009,107.6641479,0.815728978,52.22214415,PWD,BLDG,18,10,2014,63,56,81,29.58,10,12,T,5,,217,0,0
324,26440101009,90.6309362,0.819431739,43.70540271,PWD,BLDG,19,10,2014,50,35,61,29.78,10,14,0,7,,311,0,0
325,26440101009,130.2703669,0.930723562,60.10693526,PWD,BLDG,2,10,2014,54,52,92,30.15,8,14,0.16,7,Rain,22,1,0
326,26440101009,137.3243867,0.877853784,59.65681429,PWD,BLDG,20,10,2014,49,30,52,30.01,10,11,0,4,,240,1,0
327,26440101009,138.3713113,0.892087136,60.22754969,PWD,BLDG,21,10,2014,56,52,85,29.96,10,7,T,6,Rain,82,1,0
328,26440101009,136.9817944,0.868902221,62.32706345,PWD,BLDG,22,10,2014,53,50,95,29.91,4,25,0.87,8,Rain-Thunderstorm,26,1,0
329,26440101009,137.5205333,0.909006256,61.3087619,PWD,BLDG,23,10,2014,51,50,97,29.65,4,25,2.25,8,Rain-Thunderstorm,13,1,0
330,26440101009,132.2149931,0.850512246,61.75758045,PWD,BLDG,24,10,2014,49,46,86,29.69,8,11,0.05,8,Rain,323,1,0
331,26440101009,102.8995283,0.802229268,51.48314482,PWD,BLDG,25,10,2014,55,42,62,29.66,10,10,0,4,,260,0,0
332,26440101009,93.21020086,0.814194691,44.3989873,PWD,BLDG,26,10,2014,53,40,57,29.53,10,13,T,5,,270,0,0
333,26440101009,132.5879199,0.833893416,64.16993859,PWD,BLDG,27,10,2014,55,38,55,29.87,10,11,0,1,,283,1,0
334,26440101009,129.9115847,0.845635552,64.26320839,PWD,BLDG,28,10,2014,53,47,86,30.01,10,4,0,5,,88,1,0
335,26440101009,132.294597,0.8494796,64.49305113,PWD,BLDG,29,10,2014,63,53,71,29.85,7,7,0.02,8,Rain,282,1,0
336,26440101009,123.1958277,0.90790235,57.85971254,PWD,BLDG,3,10,2014,52,50,89,30.04,8,8,0.01,6,Rain,3,1,0
337,26440101009,130.9639056,0.837815844,63.84267881,PWD,BLDG,30,10,2014,53,39,62,29.93,10,8,0,2,,301,1,0
338,26440101009,126.511624,0.818551165,61.97244101,PWD,BLDG,31,10,2014,50,37,66,30.01,10,11,0,8,,40,1,0
339,26440101009,97.9642109,0.843441402,52.61748983,PWD,BLDG,4,10,2014,58,57,97,29.71,4,8,0.35,8,Fog-Rain,107,0,0
340,26440101009,87.48372877,0.840593819,49.32881951,PWD,BLDG,5,10,2014,55,42,67,29.74,10,12,0,2,,260,0,0
341,26440101009,127.7575701,0.861232228,58.1609389,PWD,BLDG,6,10,2014,55,42,60,30.09,10,8,0,0,,192,1,0
342,26440101009,132.5576017,0.852146631,60.93706737,PWD,BLDG,7,10,2014,64,57,71,30.07,10,13,0.01,5,Rain,172,1,0
343,26440101009,132.4955654,0.845165061,61.78914548,PWD,BLDG,8,10,2014,66,54,66,29.8,10,14,0.01,5,Rain,215,1,0
344,26440101009,127.870114,0.842315549,60.39359411,PWD,BLDG,9,10,2014,58,37,46,29.92,10,12,0,2,,250,1,0
345,27369330017,125.5535815,0.838964375,45.42862084,SCH,LILLA FREDRICK,1,11,2014,44,39,77,29.86,7,17,0.59,8,Rain,4,0,0
346,27369330017,123.234538,0.872958088,41.33441437,SCH,LILLA FREDRICK,2,11,2014,38,29,62,29.69,8,21,0.31,7,Rain-Snow,328,0,0
347,27369330017,165.0910587,0.836880036,67.37839881,SCH,LILLA FREDRICK,3,11,2014,45,18,32,29.95,10,15,0,2,,278,1,0
348,27369330017,166.1102808,0.841008884,67.13745034,SCH,LILLA FREDRICK,4,11,2014,51,35,53,30.08,10,6,0,5,,169,1,0
349,27369330017,162.613282,0.855816233,62.6791869,SCH,LILLA FREDRICK,5,11,2014,57,40,56,30.02,10,9,0,7,,243,1,0
350,27369330017,163.657169,0.853522328,66.9294551,SCH,LILLA FREDRICK,6,11,2014,49,45,83,29.84,5,5,0.59,7,Rain,79,1,0
351,27369330017,157.0655014,0.83145285,67.81709109,SCH,LILLA FREDRICK,7,11,2014,44,37,73,29.54,8,14,T,7,Rain,300,1,0
352,27369330017,133.1703132,0.825383012,53.73157891,SCH,LILLA FREDRICK,8,11,2014,42,25,51,29.9,10,10,0,5,,245,0,0
353,27369330017,115.8714969,0.858342779,39.57834888,SCH,LILLA FREDRICK,9,11,2014,48,33,57,29.93,10,8,0,7,,261,0,0
354,26440101009,92.18557076,0.803033227,49.54405372,PWD,BLDG,1,11,2014,44,39,77,29.86,7,17,0.59,8,Rain,4,0,0
355,26440101009,132.2408159,0.825907739,62.39656035,PWD,BLDG,10,11,2014,48,35,66,30.14,10,5,0,3,,192,1,0
356,26440101009,102.4477761,0.78856434,49.42596182,PWD,BLDG,11,11,2014,53,47,80,30.09,9,5,0,5,,163,1,1
357,26440101009,130.4387803,0.807221223,63.48424689,PWD,BLDG,12,11,2014,53,49,75,29.92,3,5,0,6,Fog,118,1,0
358,26440101009,129.574125,0.818714387,61.80492279,PWD,BLDG,13,11,2014,44,29,62,30.01,10,8,0.06,5,Rain,298,1,0
359,26440101009,129.886757,0.823924095,61.87473093,PWD,BLDG,14,11,2014,39,27,67,29.96,8,11,0.23,5,Rain-Snow,311,1,0
360,26440101009,108.2554806,0.793158388,54.75828799,PWD,BLDG,15,11,2014,35,16,49,30.24,10,9,0,1,,295,0,0
361,26440101009,95.29569013,0.800040241,44.69397567,PWD,BLDG,16,11,2014,36,23,57,30.29,10,8,T,6,Rain,220,0,0
362,26440101009,136.0243336,0.826838612,61.01736485,PWD,BLDG,17,11,2014,43,41,83,29.75,4,6,1.64,8,Rain,358,1,0
363,26440101009,137.2623882,0.817835489,62.08468682,PWD,BLDG,18,11,2014,36,19,66,29.7,10,16,0,2,,270,1,0
364,26440101009,135.6357087,0.808290206,62.50550496,PWD,BLDG,19,11,2014,31,9,41,30.08,10,14,0,2,,245,1,0
365,26440101009,88.92540134,0.808822937,47.06427333,PWD,BLDG,2,11,2014,38,29,62,29.69,8,21,0.31,7,Rain-Snow,328,0,0
366,26440101009,132.802087,0.799319513,65.44262726,PWD,BLDG,20,11,2014,40,18,47,29.89,10,14,0,3,,249,1,0
367,26440101009,131.5392449,0.802817296,63.71337613,PWD,BLDG,21,11,2014,32,10,42,30.17,10,15,0,1,,286,1,0
368,26440101009,104.6597961,0.784039633,50.97273857,PWD,BLDG,22,11,2014,34,13,41,30.26,10,16,0,5,,233,0,0
369,26440101009,93.69930653,0.785445703,46.74579549,PWD,BLDG,23,11,2014,51,32,59,30.11,10,9,T,5,,223,0,0
370,26440101009,131.8277596,0.816500958,64.09779168,PWD,BLDG,24,11,2014,54,53,88,29.79,7,15,0.28,6,Rain,174,1,0
371,26440101009,130.2094187,0.8068047,64.10305316,PWD,BLDG,25,11,2014,55,40,61,29.88,10,12,0,6,,234,1,0
372,26440101009,120.874688,0.804641013,59.22309515,PWD,BLDG,26,11,2014,42,33,71,29.99,5,15,1.44,8,Rain-Snow,1,1,0
373,26440101009,87.35573415,0.772225356,44.71095044,PWD,BLDG,27,11,2014,35,29,81,29.92,7,10,0.02,8,Rain-Snow,318,1,1
374,26440101009,106.8499569,0.791825239,51.25497559,PWD,BLDG,28,11,2014,31,24,72,30.06,6,11,0.11,6,Snow,314,1,1
375,26440101009,105.3100594,0.811341972,49.91973195,PWD,BLDG,29,11,2014,29,16,55,30.31,10,7,0,2,,248,0,0
376,26440101009,124.735547,0.834942187,62.10689003,PWD,BLDG,3,11,2014,45,18,32,29.95,10,15,0,2,,278,1,0
377,26440101009,96.36064671,0.804326233,46.58558621,PWD,BLDG,30,11,2014,45,37,66,30.13,10,12,0,7,,197,0,0
378,26440101009,120.7385903,0.815000301,59.77352742,PWD,BLDG,4,11,2014,51,35,53,30.08,10,6,0,5,,169,1,0
379,26440101009,117.2670019,0.796934391,60.98575828,PWD,BLDG,5,11,2014,57,40,56,30.02,10,9,0,7,,243,1,0
380,26440101009,120.281834,0.802850384,61.22132653,PWD,BLDG,6,11,2014,49,45,83,29.84,5,5,0.59,7,Rain,79,1,0
381,26440101009,114.0092626,0.814840106,56.7076096,PWD,BLDG,7,11,2014,44,37,73,29.54,8,14,T,7,Rain,300,1,0
382,26440101009,97.15115232,0.800216128,51.93223187,PWD,BLDG,8,11,2014,42,25,51,29.9,10,10,0,5,,245,0,0
383,26440101009,88.79358886,0.794466262,49.32377727,PWD,BLDG,9,11,2014,48,33,57,29.93,10,8,0,7,,261,0,0
384,27369330017,155.8560478,0.807229351,72.71868551,SCH,LILLA FREDRICK,1,12,2014,52,40,63,30.13,10,13,0.01,6,Rain,268,1,0
385,27369330017,157.3209967,0.802877338,72.66963282,SCH,LILLA FREDRICK,2,12,2014,38,27,72,30.59,8,15,0.1,7,Rain-Snow,62,1,0
386,27369330017,156.6134213,0.801452854,71.44654965,SCH,LILLA FREDRICK,3,12,2014,44,42,79,30.07,5,12,0.44,8,Rain,254,1,0
387,27369330017,159.3427476,0.829415904,67.98364757,SCH,LILLA FREDRICK,4,12,2014,37,21,54,30.33,10,12,0,3,,292,1,0
388,27369330017,158.4055048,0.83989581,67.03156064,SCH,LILLA FREDRICK,5,12,2014,34,25,66,30.59,10,10,0.11,5,Rain,61,1,0
389,27369330017,120.3993315,0.837956096,44.5412029,SCH,LILLA FREDRICK,6,12,2014,42,40,93,30.24,4,8,1.09,8,Rain,313,0,0
390,27369330017,118.2662522,0.834032715,41.51269431,SCH,LILLA FREDRICK,7,12,2014,30,20,61,30.46,10,15,0.13,6,Rain,350,0,0
391,27369330017,169.0007488,0.846042193,70.3474357,SCH,LILLA FREDRICK,8,12,2014,24,16,70,30.67,8,13,0.03,8,Snow,354,1,0
392,27369330017,167.8547159,0.8519307,69.1938597,SCH,LILLA FREDRICK,9,12,2014,39,41,93,30.04,2,20,2.9,8,Rain,38,1,0
393,26440101009,123.5129752,0.813901138,61.92426364,PWD,BLDG,1,12,2014,52,40,63,30.13,10,13,0.01,6,Rain,268,1,0
394,26440101009,131.3693258,0.840668609,60.55350081,PWD,BLDG,10,12,2014,43,39,95,29.5,3,13,0.28,8,Rain,357,1,0
395,26440101009,129.1299528,0.875880636,59.56213038,PWD,BLDG,11,12,2014,36,31,87,29.61,7,13,0.02,8,Rain-Snow,230,1,NA
396,26440101009,126.0513911,0.873936949,59.03353525,PWD,BLDG,12,12,2014,35,27,75,29.85,10,11,T,7,Snow,286,1,0
397,26440101009,99.55486975,0.777370466,48.01690718,PWD,BLDG,13,12,2014,37,26,65,29.82,10,12,T,5,,298,0,0
398,26440101009,91.68363809,0.778505144,43.76020248,PWD,BLDG,14,12,2014,39,27,68,29.83,10,10,0,4,,306,0,0
399,26440101009,128.7109125,0.822366537,58.38296508,PWD,BLDG,15,12,2014,37,29,75,30.05,10,6,0,2,,324,1,0
400,26440101009,132.7108524,0.819195919,60.32557144,PWD,BLDG,16,12,2014,40,36,85,30.09,9,4,T,8,Rain,79,1,0
401,26440101009,130.8222763,0.816701811,60.51995162,PWD,BLDG,17,12,2014,45,41,85,29.75,6,11,0.43,8,Rain,311,1,0
402,26440101009,130.8131558,0.807868485,60.29333463,PWD,BLDG,18,12,2014,40,30,73,29.78,10,14,0.01,7,Rain,281,1,0
403,26440101009,126.186482,0.802520717,58.6655784,PWD,BLDG,19,12,2014,33,22,63,29.98,10,11,0,4,,305,1,0
404,26440101009,125.0270292,0.819434604,55.90140395,PWD,BLDG,2,12,2014,38,27,72,30.59,8,15,0.1,7,Rain-Snow,62,1,0
405,26440101009,99.01258157,0.76901467,47.39579102,PWD,BLDG,20,12,2014,32,24,79,30.26,10,10,T,6,Snow,350,0,0
406,26440101009,92.39785757,0.766168073,42.92029136,PWD,BLDG,21,12,2014,33,27,77,30.32,9,9,T,8,Snow,2,0,0
407,26440101009,129.9198971,0.839965783,59.28975115,PWD,BLDG,22,12,2014,39,34,79,30.35,10,8,0.05,7,Rain,24,1,0
408,26440101009,126.6870473,0.8322414,60.91816683,PWD,BLDG,23,12,2014,45,42,91,30.23,5,13,0.25,8,Rain,63,1,0
409,26440101009,104.7279904,0.780705297,50.99090571,PWD,BLDG,24,12,2014,44,44,98,29.9,1,6,0.56,8,Fog-Rain,12,1,0
410,26440101009,91.20729748,0.770603876,47.05519342,PWD,BLDG,25,12,2014,52,43,75,29.63,8,14,0.14,6,Rain,250,1,1
411,26440101009,106.4804262,0.805230075,48.52861083,PWD,BLDG,26,12,2014,44,29,60,30.11,10,11,0,1,,255,1,1
412,26440101009,97.49246047,0.805402548,43.27963374,PWD,BLDG,27,12,2014,45,31,60,30.14,10,9,0,3,,251,0,0
413,26440101009,96.52657227,0.810306768,42.6195446,PWD,BLDG,28,12,2014,46,35,65,29.87,10,14,0.01,8,Rain,252,0,0
414,26440101009,110.9930222,0.809719198,47.85712977,PWD,BLDG,29,12,2014,36,20,51,30.12,10,9,0,4,,288,1,0
415,26440101009,127.2166531,0.832093042,58.20645911,PWD,BLDG,3,12,2014,44,42,79,30.07,5,12,0.44,8,Rain,254,1,0
416,26440101009,112.2515157,0.792542786,51.52853673,PWD,BLDG,30,12,2014,26,4,38,30.32,10,10,0,2,,313,1,0
417,26440101009,106.7847047,0.790771642,51.90593909,PWD,BLDG,31,12,2014,25,5,44,30.25,10,9,0,1,,269,1,0
418,26440101009,125.0295893,0.820565369,57.25601173,PWD,BLDG,4,12,2014,37,21,54,30.33,10,12,0,3,,292,1,0
419,26440101009,119.6933061,0.799474669,57.46692882,PWD,BLDG,5,12,2014,34,25,66,30.59,10,10,0.11,5,Rain,61,1,0
420,26440101009,100.5061079,0.768760135,53.73234001,PWD,BLDG,6,12,2014,42,40,93,30.24,4,8,1.09,8,Rain,313,0,0
421,26440101009,89.2487848,0.76525745,48.21191734,PWD,BLDG,7,12,2014,30,20,61,30.46,10,15,0.13,6,Rain,350,0,0
422,26440101009,126.9560209,0.804443847,58.83457619,PWD,BLDG,8,12,2014,24,16,70,30.67,8,13,0.03,8,Snow,354,1,0
423,26440101009,124.678702,0.807841591,58.19822534,PWD,BLDG,9,12,2014,39,41,93,30.04,2,20,2.9,8,Rain,38,1,0
424,26437521003,90.86566399,0.774715687,53.93761086,SCH,W H OHRENBERGER,1,2,2014,37,21,57,30.24,10,8,0,6,,209,0,0
425,26437521003,116.1941049,0.841479855,63.31131852,SCH,W H OHRENBERGER,10,2,2014,25,12,64,30.03,9,12,T,3,Snow,288,1,0
426,26437521003,116.9774895,0.876101905,63.59980209,SCH,W H OHRENBERGER,11,2,2014,20,2,48,30.3,10,10,0,0,,305,1,0
427,26437521003,117.2958249,0.83150224,63.58042321,SCH,W H OHRENBERGER,12,2,2014,16,1,51,30.5,10,8,0,3,,93,1,0
428,26437521003,114.1663491,0.844362541,63.04131761,SCH,W H OHRENBERGER,13,2,2014,29,29,82,29.88,4,20,1,8,Fog-Rain-Snow,68,1,0
429,26437521003,108.9453421,0.822930273,62.05287284,SCH,W H OHRENBERGER,14,2,2014,33,26,74,29.1,6,18,0.31,6,Rain-Snow,298,1,0
430,26437521003,88.61151445,0.81218957,54.99571894,SCH,W H OHRENBERGER,15,2,2014,31,25,77,29.72,4,10,0.33,7,Fog-Snow,34,0,0
431,26437521003,79.84245255,0.771330237,49.28408716,SCH,W H OHRENBERGER,16,2,2014,28,12,61,29.72,9,17,0.02,6,Snow,294,0,0
432,26437521003,92.59382096,0.787419149,53.39292197,SCH,W H OHRENBERGER,17,2,2014,22,-3,37,30.22,10,15,0,1,,319,1,1
433,26437521003,102.7796251,0.787914658,57.41901059,SCH,W H OHRENBERGER,18,2,2014,25,20,63,30.07,6,11,0.22,7,Rain-Snow,1,1,0
434,26437521003,102.3264846,0.806421514,57.06518306,SCH,W H OHRENBERGER,19,2,2014,29,27,82,29.88,5,8,0.25,7,Fog-Rain-Snow,345,1,0
435,26437521003,81.33697195,0.774945138,48.91875964,SCH,W H OHRENBERGER,2,2,2014,43,33,66,29.94,9,7,0.02,7,Rain,256,0,0
436,26437521003,101.9140427,0.768825417,58.86412104,SCH,W H OHRENBERGER,20,2,2014,41,27,60,30.12,9,9,0.08,4,Rain,257,1,0
437,26437521003,99.03753117,0.78692278,56.23157358,SCH,W H OHRENBERGER,21,2,2014,39,36,93,29.93,4,9,0.22,8,Fog-Rain-Thunderstorm,84,1,0
438,26437521003,88.28438981,0.788569455,52.69325872,SCH,W H OHRENBERGER,22,2,2014,42,27,64,29.92,10,14,0,1,,222,0,0
439,26437521003,78.41265021,0.772435248,47.48468604,SCH,W H OHRENBERGER,23,2,2014,43,26,56,29.91,10,6,0,6,,217,0,0
440,26437521003,114.3860167,0.84717205,59.89832403,SCH,W H OHRENBERGER,24,2,2014,35,11,41,29.81,10,16,0,4,,284,1,0
441,26437521003,116.6092527,0.850594511,61.17195322,SCH,W H OHRENBERGER,25,2,2014,26,5,44,29.94,10,11,0,4,,277,1,0
442,26437521003,120.6974904,0.854171818,58.08219852,SCH,W H OHRENBERGER,26,2,2014,24,2,43,29.86,10,12,0,4,,259,1,0
443,26437521003,120.636903,0.878748884,57.44624258,SCH,W H OHRENBERGER,27,2,2014,21,6,51,29.74,7,12,0.02,6,Snow,270,1,0
444,26437521003,116.2786854,0.913252337,57.27682543,SCH,W H OHRENBERGER,28,2,2014,18,-10,32,30.26,10,12,0,1,,285,1,0
445,26437521003,117.9650918,0.814985354,60.60524688,SCH,W H OHRENBERGER,3,2,2014,34,26,74,30.19,5,9,0.17,8,Snow,11,1,0
446,26437521003,116.5316563,0.835627643,60.53459665,SCH,W H OHRENBERGER,4,2,2014,29,18,64,30.38,10,6,0,5,,275,1,0
447,26437521003,101.6459729,0.783717889,60.61881732,SCH,W H OHRENBERGER,5,2,2014,29,26,89,29.94,3,11,1.11,8,Fog-Snow,55,1,0
448,26437521003,115.4454142,0.88553419,62.17128184,SCH,W H OHRENBERGER,6,2,2014,24,11,64,30.18,10,8,T,5,Snow,299,1,0
449,26437521003,112.2411366,0.830074951,61.86604924,SCH,W H OHRENBERGER,7,2,2014,25,8,50,30.21,10,11,0,3,,259,1,0
450,26437521003,91.32907102,0.785854181,54.79935166,SCH,W H OHRENBERGER,8,2,2014,24,2,41,30.22,10,10,0,5,,274,0,0
451,26437521003,80.19255776,0.774203242,49.99470267,SCH,W H OHRENBERGER,9,2,2014,26,18,61,30.06,8,8,0.03,8,Snow,90,0,0
452,26437521003,91.88517912,0.778227033,53.57836236,SCH,W H OHRENBERGER,1,3,2014,26,7,40,30.31,10,6,0,4,,221,0,0
453,26437521003,115.4215255,0.829968781,60.71865285,SCH,W H OHRENBERGER,10,3,2014,36,23,60,29.79,7,8,0.03,8,Rain-Snow,216,1,0
454,26437521003,115.1016117,0.834548897,63.51598086,SCH,W H OHRENBERGER,11,3,2014,47,30,60,29.59,8,9,0,5,,254,1,0
455,26437521003,116.0850347,0.834807871,62.96840041,SCH,W H OHRENBERGER,12,3,2014,42,37,80,29.4,5,5,0.03,8,Rain,27,1,0
456,26437521003,118.2243098,0.872793406,62.37694551,SCH,W H OHRENBERGER,13,3,2014,21,12,64,29.42,5,17,0.01,7,Rain-Snow,314,1,0
457,26437521003,114.1872373,0.849829142,61.42228031,SCH,W H OHRENBERGER,14,3,2014,28,8,44,30.05,10,14,0,3,,234,1,0
458,26437521003,89.87864429,0.801200872,55.51942383,SCH,W H OHRENBERGER,15,3,2014,48,30,56,29.77,10,15,0.01,5,Rain,248,0,0
459,26437521003,78.71637217,0.774420219,48.27605763,SCH,W H OHRENBERGER,16,3,2014,30,6,38,30.07,10,16,0,4,,295,0,0
460,26437521003,103.5366954,0.799908367,58.11848718,SCH,W H OHRENBERGER,17,3,2014,22,0,43,30.14,10,8,0,5,,15,1,1
461,26437521003,122.3919498,0.840911821,62.6482376,SCH,W H OHRENBERGER,18,3,2014,27,10,51,30.31,10,8,0,1,,59,1,0
462,26437521003,117.664653,0.833441592,63.2477686,SCH,W H OHRENBERGER,19,3,2014,34,25,71,30.26,10,10,T,4,,76,1,0
463,26437521003,79.91231449,0.774122292,48.21476401,SCH,W H OHRENBERGER,2,3,2014,35,20,59,30.02,10,7,T,8,Snow,258,0,0
464,26437521003,116.8797294,0.824865928,64.19361745,SCH,W H OHRENBERGER,20,3,2014,45,34,70,29.71,7,12,0.29,6,Rain,304,1,0
465,26437521003,111.0203008,0.857011722,61.350588,SCH,W H OHRENBERGER,21,3,2014,40,20,46,29.86,10,17,0,3,,273,1,0
466,26437521003,90.1900978,0.794444549,54.94460844,SCH,W H OHRENBERGER,22,3,2014,43,24,52,29.89,10,14,T,3,Rain,242,0,0
467,26437521003,79.17138332,0.773306007,48.30468212,SCH,W H OHRENBERGER,23,3,2014,33,13,42,29.97,10,13,0,7,,287,0,0
468,26437521003,119.1160716,0.860825252,62.29933506,SCH,W H OHRENBERGER,24,3,2014,25,-4,32,30.12,10,13,0,1,,321,1,0
469,26437521003,119.9474706,0.839746178,62.33257193,SCH,W H OHRENBERGER,25,3,2014,30,8,37,30.08,10,10,0,5,,219,1,0
470,26437521003,119.0533917,0.853967047,62.34062378,SCH,W H OHRENBERGER,26,3,2014,30,7,39,29.74,10,26,T,7,Snow,345,1,0
471,26437521003,118.5368824,0.833462046,62.26875503,SCH,W H OHRENBERGER,27,3,2014,34,1,27,30.24,10,14,0,3,,264,1,0
472,26437521003,112.0432547,0.835565296,61.43505935,SCH,W H OHRENBERGER,28,3,2014,48,36,66,30.07,10,14,0.02,8,Rain,217,1,0
473,26437521003,89.264167,0.768901286,56.14656481,SCH,W H OHRENBERGER,29,3,2014,46,39,77,30.15,7,13,0.97,6,Rain,28,0,0
474,26437521003,121.4596474,0.844121154,61.40306854,SCH,W H OHRENBERGER,3,3,2014,23,-1,39,30.14,10,12,0,6,,339,1,0
475,26437521003,79.79982949,0.769089277,50.25900528,SCH,W H OHRENBERGER,30,3,2014,40,37,91,29.71,3,17,2.23,8,Fog-Rain,16,0,0
476,26437521003,118.2060171,0.832768333,63.64951959,SCH,W H OHRENBERGER,31,3,2014,38,31,76,29.81,5,13,0.44,8,Rain-Snow,2,1,0
477,26437521003,120.2728345,0.857991357,60.80684235,SCH,W H OHRENBERGER,4,3,2014,22,-5,32,30.31,10,8,0,5,,280,1,0
478,26437521003,119.088773,0.87630542,59.99550172,SCH,W H OHRENBERGER,5,3,2014,25,14,55,30.33,9,10,0,8,Snow,7,1,0
479,26437521003,119.7605035,0.858928659,60.6948646,SCH,W H OHRENBERGER,6,3,2014,18,1,46,30.58,10,7,0,1,,23,1,0
480,26437521003,113.5413783,0.871446002,58.79953186,SCH,W H OHRENBERGER,7,3,2014,25,18,64,30.27,10,5,0,5,,50,1,0
481,26437521003,89.15422471,0.771916938,53.56007846,SCH,W H OHRENBERGER,8,3,2014,41,23,54,29.8,10,8,0,4,,327,0,0
482,26437521003,79.33029738,0.7751067,47.40798333,SCH,W H OHRENBERGER,9,3,2014,37,8,35,29.9,10,11,0,5,,315,0,0
483,26437521003,118.880176,0.858865935,63.88654532,SCH,W H OHRENBERGER,1,4,2014,41,28,60,30.05,10,10,0,5,,28,1,0
484,26437521003,109.6817518,0.861151653,58.99214806,SCH,W H OHRENBERGER,10,4,2014,47,21,43,30.07,10,14,0,1,,220,1,0
485,26437521003,104.722483,0.859878812,57.18937479,SCH,W H OHRENBERGER,11,4,2014,59,40,55,29.97,10,10,T,7,Rain,231,1,0
486,26437521003,81.5574127,0.781459472,51.23684678,SCH,W H OHRENBERGER,12,4,2014,59,35,53,30.11,10,9,0.04,4,Rain,280,0,0
487,26437521003,70.78975549,0.775683315,45.83082167,SCH,W H OHRENBERGER,13,4,2014,54,41,68,30.16,10,8,0.04,7,Rain,138,0,0
488,26437521003,107.1431062,0.871529902,60.86582723,SCH,W H OHRENBERGER,14,4,2014,66,52,63,29.95,10,22,0,6,,211,1,0
489,26437521003,111.0031961,0.874417124,62.02238538,SCH,W H OHRENBERGER,15,4,2014,55,55,77,29.72,6,24,0.62,8,Rain,209,1,0
490,26437521003,108.2115519,0.841875169,60.07788228,SCH,W H OHRENBERGER,16,4,2014,38,24,57,30.12,8,15,0.36,5,Rain-Snow,325,1,0
491,26437521003,111.9972963,0.850105593,60.60884232,SCH,W H OHRENBERGER,17,4,2014,36,23,61,30.75,10,14,0,3,,51,1,0
492,26437521003,91.87762462,0.790257909,51.87875858,SCH,W H OHRENBERGER,18,4,2014,37,30,75,30.47,10,9,0,7,,73,1,0
493,26437521003,83.05797379,0.781968506,50.18180275,SCH,W H OHRENBERGER,19,4,2014,50,30,56,30.24,10,12,0,4,,299,0,0
494,26437521003,115.7908106,0.831529238,64.27316897,SCH,W H OHRENBERGER,2,4,2014,42,32,68,30.08,10,6,0,5,,37,1,0
495,26437521003,71.23378579,0.777598717,44.16027012,SCH,W H OHRENBERGER,20,4,2014,44,27,57,30.46,10,9,0,3,,83,0,0
496,26437521003,87.36426887,0.786918237,50.27828891,SCH,W H OHRENBERGER,21,4,2014,53,32,52,30.08,10,9,0,4,,195,1,1
497,26437521003,93.67539608,0.805298433,51.22304455,SCH,W H OHRENBERGER,22,4,2014,60,42,62,29.62,10,12,0.05,5,Rain,205,1,0
498,26437521003,93.22343731,0.802014126,52.35786277,SCH,W H OHRENBERGER,23,4,2014,52,43,72,29.48,8,15,0.23,7,Rain,296,1,0
499,26437521003,94.46738193,0.806713295,52.67407457,SCH,W H OHRENBERGER,24,4,2014,51,23,37,29.72,10,21,0,1,,320,1,0
500,26437521003,87.6666765,0.797416605,49.26230786,SCH,W H OHRENBERGER,25,4,2014,50,29,45,29.92,10,11,0,5,,201,1,0
501,26437521003,82.4303344,0.784492606,52.08560648,SCH,W H OHRENBERGER,26,4,2014,45,38,75,29.83,8,7,0.2,7,Rain,79,0,0
502,26437521003,72.60758594,0.780384242,45.80457404,SCH,W H OHRENBERGER,27,4,2014,46,39,77,29.94,10,6,0.15,8,Rain,76,0,0
503,26437521003,107.3881055,0.846420547,60.38667906,SCH,W H OHRENBERGER,28,4,2014,48,37,63,30.08,10,11,T,5,Rain,29,1,0
504,26437521003,107.7263561,0.844598701,58.83464609,SCH,W H OHRENBERGER,29,4,2014,43,35,76,30.44,10,17,T,8,Rain,63,1,0
505,26437521003,116.3930337,0.831103589,63.65088059,SCH,W H OHRENBERGER,3,4,2014,44,27,59,30.08,10,9,0,1,,11,1,0
506,26437521003,111.9384217,0.855913566,57.5830817,SCH,W H OHRENBERGER,30,4,2014,43,37,83,30.45,9,14,0.35,8,Rain,94,1,0
507,26437521003,110.6639285,0.841600679,60.62467702,SCH,W H OHRENBERGER,4,4,2014,41,32,76,30.08,9,11,0.26,7,Rain,80,1,0
508,26437521003,86.38701448,0.77598784,54.53692142,SCH,W H OHRENBERGER,5,4,2014,46,34,67,29.79,7,14,0.23,7,Rain,329,0,0
509,26437521003,74.68862418,0.756514003,48.54960309,SCH,W H OHRENBERGER,6,4,2014,47,20,37,30.08,10,9,0,0,,283,0,0
510,26437521003,111.6732606,0.824890284,62.41001142,SCH,W H OHRENBERGER,7,4,2014,49,30,59,30.14,9,8,0.04,7,Rain,139,1,0
511,26437521003,112.0385532,0.842320994,61.26559621,SCH,W H OHRENBERGER,8,4,2014,54,47,76,29.51,5,13,0.67,7,Rain,173,1,0
512,26437521003,109.3925866,0.907791135,58.74768828,SCH,W H OHRENBERGER,9,4,2014,50,26,45,29.67,10,13,0,2,,305,1,0
513,26437521003,109.8318619,0.842133373,58.64448921,SCH,W H OHRENBERGER,1,5,2014,52,48,89,29.82,3,6,0.62,7,Fog-Rain,75,1,0
514,26437521003,85.7425047,0.78519651,53.94834535,SCH,W H OHRENBERGER,10,5,2014,69,59,68,29.85,8,12,0.34,8,Rain-Thunderstorm,222,0,0
515,26437521003,73.69684805,0.771755471,47.17331196,SCH,W H OHRENBERGER,11,5,2014,71,38,46,29.91,10,12,T,3,Rain,276,0,0
516,26437521003,114.235759,0.810512117,65.21387866,SCH,W H OHRENBERGER,12,5,2014,69,43,43,30.04,10,11,0,3,,234,1,0
517,26437521003,111.9242828,0.840876089,60.56656369,SCH,W H OHRENBERGER,13,5,2014,49,40,71,30.3,10,10,0,7,,69,1,0
518,26437521003,110.6968534,0.868799573,60.69686542,SCH,W H OHRENBERGER,14,5,2014,55,46,71,30.31,10,9,T,6,,121,1,0
519,26437521003,116.0316049,0.828189608,63.13350647,SCH,W H OHRENBERGER,15,5,2014,67,58,77,30.26,10,9,T,7,,159,1,0
520,26437521003,118.8337822,0.811736287,65.28181891,SCH,W H OHRENBERGER,16,5,2014,66,60,82,30.09,8,14,0.06,8,Rain,164,1,0
521,26437521003,93.87804935,0.758487745,59.38752556,SCH,W H OHRENBERGER,17,5,2014,67,54,64,29.92,7,13,0.65,6,Rain,215,0,0
522,26437521003,78.36077039,0.768602564,51.07405072,SCH,W H OHRENBERGER,18,5,2014,58,41,53,30.06,10,9,0,4,,357,0,0
523,26437521003,111.1348845,0.811078103,62.26915281,SCH,W H OHRENBERGER,19,5,2014,60,37,53,30.05,10,13,0.05,5,Rain,318,1,0
524,26437521003,102.7939641,0.854075604,58.03759421,SCH,W H OHRENBERGER,2,5,2014,60,38,58,29.71,10,10,0.01,5,Rain,288,1,0
525,26437521003,116.3882754,0.821751546,61.35474731,SCH,W H OHRENBERGER,20,5,2014,61,44,55,29.98,10,9,T,4,,286,1,0
526,26437521003,116.3748879,0.829553762,61.60945906,SCH,W H OHRENBERGER,21,5,2014,59,49,74,29.98,10,7,0,3,,97,1,0
527,26437521003,114.4338436,0.819349889,59.77704288,SCH,W H OHRENBERGER,22,5,2014,55,51,90,29.91,5,8,0.25,6,Fog-Rain,92,1,0
528,26437521003,108.0461157,0.813152795,57.54096195,SCH,W H OHRENBERGER,23,5,2014,55,50,89,29.93,8,9,0.02,8,Rain,92,1,0
529,26437521003,86.20331866,0.785331207,52.55997221,SCH,W H OHRENBERGER,24,5,2014,57,48,71,30.01,10,8,0.18,7,Rain,52,0,0
530,26437521003,77.2550795,0.785676581,47.43820333,SCH,W H OHRENBERGER,25,5,2014,59,51,79,30.06,10,7,0,5,,118,0,0
531,26437521003,88.0153743,0.784727942,52.56301771,SCH,W H OHRENBERGER,26,5,2014,67,53,63,29.88,10,12,0.01,6,Rain,239,1,1
532,26437521003,116.9688538,0.82106859,61.82782854,SCH,W H OHRENBERGER,27,5,2014,62,51,71,29.9,6,12,0.48,7,Fog-Rain-Thunderstorm,57,1,0
533,26437521003,109.2652242,0.827498994,57.00028557,SCH,W H OHRENBERGER,28,5,2014,47,45,85,30.06,5,15,0.08,7,Rain,43,1,0
534,26437521003,111.155053,0.829400139,58.07381705,SCH,W H OHRENBERGER,29,5,2014,51,42,67,30.21,10,8,0,3,,68,1,0
535,26437521003,79.93259443,0.776360491,50.71714425,SCH,W H OHRENBERGER,3,5,2014,59,39,50,29.8,10,9,0,5,,223,0,0
536,26437521003,107.4282218,0.823254388,58.36705838,SCH,W H OHRENBERGER,30,5,2014,57,48,73,30.06,10,8,0.11,5,Rain-Thunderstorm,127,1,0
537,26437521003,84.07151147,0.787153366,51.96710888,SCH,W H OHRENBERGER,31,5,2014,56,46,68,30.18,10,10,T,5,,28,0,0
538,26437521003,69.68224634,0.782975665,44.46867724,SCH,W H OHRENBERGER,4,5,2014,56,37,54,29.6,10,16,T,5,Rain,257,0,0
539,26437521003,103.8688251,0.849363234,59.1435884,SCH,W H OHRENBERGER,5,5,2014,58,38,50,29.75,10,14,0,5,,315,1,0
540,26437521003,106.1830955,0.858783837,58.28629773,SCH,W H OHRENBERGER,6,5,2014,56,32,48,29.9,10,10,0,5,,318,1,0
541,26437521003,107.5253391,0.848279187,58.8896943,SCH,W H OHRENBERGER,7,5,2014,58,31,37,30.14,10,10,0,2,,280,1,0
542,26437521003,109.028744,0.859760655,59.5353864,SCH,W H OHRENBERGER,8,5,2014,55,38,58,30.16,10,7,0,4,,115,1,0
543,26437521003,103.937505,0.859458581,57.24137482,SCH,W H OHRENBERGER,9,5,2014,55,49,83,30.19,6,4,T,8,Rain,60,1,0
544,26437521003,74.33631945,0.789750997,44.45046901,SCH,W H OHRENBERGER,1,6,2014,59,44,61,30.29,10,8,0,2,,98,0,0
545,26437521003,145.6553365,0.880755611,77.7969913,SCH,W H OHRENBERGER,10,6,2014,69,61,80,29.99,8,9,0.85,8,Fog-Rain,117,1,0
546,26437521003,133.7254163,0.873965271,72.50226203,SCH,W H OHRENBERGER,11,6,2014,61,54,79,30.17,10,10,T,5,Rain,66,1,0
547,26437521003,132.8426466,0.859433396,69.67992887,SCH,W H OHRENBERGER,12,6,2014,63,55,79,30.13,10,12,T,8,,97,1,0
548,26437521003,126.4069572,0.847489098,68.02611935,SCH,W H OHRENBERGER,13,6,2014,62,59,89,29.92,3,10,0.54,8,Fog-Rain,73,1,0
549,26437521003,93.28441574,0.767379195,57.02680823,SCH,W H OHRENBERGER,14,6,2014,68,58,79,29.84,6,8,0.01,7,Fog-Rain,356,0,0
550,26437521003,83.03910791,0.767925302,52.66674307,SCH,W H OHRENBERGER,15,6,2014,69,51,56,29.97,10,12,0,4,,312,0,0
551,26437521003,125.3927474,0.847212725,68.90642067,SCH,W H OHRENBERGER,16,6,2014,68,49,50,30.09,10,10,0,5,,65,1,0
552,26437521003,120.0312508,0.815661557,63.75753453,SCH,W H OHRENBERGER,17,6,2014,73,62,70,29.98,9,11,0.02,6,Rain,204,1,1
553,26437521003,139.4704148,0.837397607,74.72832316,SCH,W H OHRENBERGER,18,6,2014,78,61,64,29.81,10,14,T,5,Rain,275,1,0
554,26437521003,137.7099139,0.859253833,72.99248842,SCH,W H OHRENBERGER,19,6,2014,76,51,45,29.93,10,11,0,5,,317,1,0
555,26437521003,125.9749374,0.837043282,62.09592904,SCH,W H OHRENBERGER,2,6,2014,70,48,44,30.12,10,9,0,3,,205,1,0
556,26437521003,134.3699164,0.868591029,70.07037798,SCH,W H OHRENBERGER,20,6,2014,69,41,38,29.93,10,12,0,2,,319,1,0
557,26437521003,97.26552147,0.822617593,56.93768439,SCH,W H OHRENBERGER,21,6,2014,66,46,50,29.93,10,7,0,3,,318,0,0
558,26437521003,84.79221663,0.813373288,51.39803622,SCH,W H OHRENBERGER,22,6,2014,65,47,56,29.98,10,8,0,3,,91,0,0
559,26437521003,143.5132393,0.896488567,72.03039128,SCH,W H OHRENBERGER,23,6,2014,68,53,65,30.12,10,9,0,3,,146,1,0
560,26437521003,146.2800049,0.883156924,73.24093371,SCH,W H OHRENBERGER,24,6,2014,72,56,63,30.1,10,13,0,4,,197,1,0
561,26437521003,152.0720938,0.903695103,76.35723065,SCH,W H OHRENBERGER,25,6,2014,78,63,65,29.93,10,15,0,3,,212,1,0
562,26437521003,137.8726341,0.840286026,74.94128155,SCH,W H OHRENBERGER,26,6,2014,71,65,82,29.86,9,10,0.28,7,Rain,129,1,0
563,26437521003,125.9024058,0.835103383,70.37738088,SCH,W H OHRENBERGER,27,6,2014,66,47,56,30.12,10,8,0,2,,85,1,0
564,26437521003,100.0987777,0.82659011,60.27072893,SCH,W H OHRENBERGER,28,6,2014,70,52,54,30.25,10,7,0,3,,157,0,0
565,26437521003,86.63649068,0.821412096,53.25558043,SCH,W H OHRENBERGER,29,6,2014,74,55,54,30.19,10,9,0,5,,190,0,0
566,26437521003,129.8919316,0.835659271,64.52054772,SCH,W H OHRENBERGER,3,6,2014,65,53,72,29.97,10,11,0,2,,130,1,0
567,26437521003,139.1748913,0.843632614,74.36853055,SCH,W H OHRENBERGER,30,6,2014,77,59,59,30,10,13,0,3,,223,1,0
568,26437521003,122.0359187,0.836798669,61.87277543,SCH,W H OHRENBERGER,4,6,2014,58,53,80,29.86,10,6,0.14,8,Rain,81,1,0
569,26437521003,121.3219589,0.841514229,63.0630729,SCH,W H OHRENBERGER,5,6,2014,59,57,92,29.71,4,7,0.78,7,Fog-Rain,25,1,0
570,26437521003,123.9956109,0.833676897,64.88266486,SCH,W H OHRENBERGER,6,6,2014,67,53,67,29.77,10,11,0,4,,292,1,0
571,26437521003,97.09615168,0.800103174,56.64015675,SCH,W H OHRENBERGER,7,6,2014,71,55,58,29.9,10,8,0,2,,241,0,0
572,26437521003,84.67268644,0.796435244,51.0206147,SCH,W H OHRENBERGER,8,6,2014,74,55,55,29.91,10,8,0,4,,151,0,0
573,26437521003,137.2796926,0.829282157,72.07999285,SCH,W H OHRENBERGER,9,6,2014,74,55,56,29.95,10,11,T,7,,232,1,0
574,26440101009,153.499126,0.860182411,80.93909734,PWD,BLDG,1,7,2014,79,65,67,29.86,10,14,0,5,,214,1,0
575,26440101009,146.2181796,0.893774274,77.92875724,PWD,BLDG,10,7,2014,74,56,59,30.06,10,8,0,4,,272,1,0
576,26440101009,136.901126,0.85854883,73.6166643,PWD,BLDG,11,7,2014,68,57,71,30.2,10,7,0,4,,67,1,0
577,26440101009,109.8606588,0.834618935,63.99278218,PWD,BLDG,12,7,2014,71,60,66,30.18,10,8,0,1,,163,0,0
578,26440101009,94.12729672,0.823020976,56.67371733,PWD,BLDG,13,7,2014,77,61,61,30.01,10,16,T,5,,202,0,0
579,26440101009,154.2550185,0.881560547,81.30748097,PWD,BLDG,14,7,2014,79,70,81,29.88,7,10,0.67,8,Rain,203,1,0
580,26440101009,159.6066288,0.865530031,82.14072229,PWD,BLDG,15,7,2014,78,72,85,29.8,8,11,T,8,Rain,191,1,0
581,26440101009,153.483773,0.931814296,80.48809242,PWD,BLDG,16,7,2014,73,70,81,29.78,7,8,0.85,8,Fog-Rain-Thunderstorm,194,1,0
582,26440101009,143.7543827,0.870298663,78.65533372,PWD,BLDG,17,7,2014,74,57,58,29.94,10,8,0,5,,293,1,0
583,26440101009,136.7065116,0.869134908,75.20544374,PWD,BLDG,18,7,2014,71,56,64,30.17,10,8,0,3,,137,1,0
584,26440101009,108.9811452,0.815475169,65.62670806,PWD,BLDG,19,7,2014,68,61,83,30.24,10,5,0,6,,98,0,0
585,26440101009,155.6282477,0.835671401,81.72679494,PWD,BLDG,2,7,2014,82,69,66,29.88,10,15,T,3,Rain,203,1,0
586,26440101009,92.98020854,0.809596708,57.10211215,PWD,BLDG,20,7,2014,67,59,75,30.19,10,7,T,7,,56,0,0
587,26440101009,143.3970761,0.861463696,76.37290358,PWD,BLDG,21,7,2014,67,61,84,30.18,8,6,0,4,Fog,52,1,0
588,26440101009,153.4060059,0.874855795,79.41556872,PWD,BLDG,22,7,2014,75,65,72,30.08,10,10,0,2,,187,1,0
589,26440101009,155.385648,0.86722993,82.0946749,PWD,BLDG,23,7,2014,82,68,64,29.85,10,13,0,4,,217,1,0
590,26440101009,145.3036429,0.862750582,78.45391372,PWD,BLDG,24,7,2014,70,64,81,29.82,10,8,T,7,,35,1,0
591,26440101009,134.8598611,0.850179596,72.74159937,PWD,BLDG,25,7,2014,73,54,56,29.94,9,8,0,2,,279,1,0
592,26440101009,110.2377532,0.828417773,63.93055742,PWD,BLDG,26,7,2014,75,58,58,29.93,10,12,0,3,,219,0,0
593,26440101009,93.75178552,0.811101442,55.137244,PWD,BLDG,27,7,2014,73,67,82,29.77,8,9,0.35,6,Rain,193,0,0
594,26440101009,146.7509033,0.862136928,78.16143024,PWD,BLDG,28,7,2014,75,67,77,29.56,7,11,0.11,6,Rain-Thunderstorm,179,1,0
595,26440101009,137.5376585,0.841908736,72.53662738,PWD,BLDG,29,7,2014,72,57,63,29.79,10,9,0,3,,265,1,0
596,26440101009,153.4918257,0.83033891,81.24530566,PWD,BLDG,3,7,2014,81,70,69,29.94,9,10,0.28,6,Rain-Thunderstorm,204,1,0
597,26440101009,136.8961175,0.842571668,73.14630724,PWD,BLDG,30,7,2014,71,55,55,29.99,10,7,0,3,,205,1,0
598,26440101009,139.0418246,0.839957564,74.08414434,PWD,BLDG,31,7,2014,72,58,66,30.09,10,10,0,3,,199,1,0
599,26440101009,84.88364704,0.823679572,50.66026859,PWD,BLDG,4,7,2014,70,65,85,29.92,5,8,1.88,7,Rain,2,1,1
600,26440101009,95.21596671,0.819813037,56.93306679,PWD,BLDG,5,7,2014,70,53,61,29.88,9,17,0.35,6,Rain,292,0,0
601,26440101009,87.22407494,0.824721931,53.31271394,PWD,BLDG,6,7,2014,76,51,49,29.93,10,15,0,2,,243,0,0
602,26440101009,151.2624827,0.883409721,77.47768835,PWD,BLDG,7,7,2014,79,64,62,29.78,10,15,0.08,4,Rain-Thunderstorm,220,1,0
603,26440101009,156.5078188,0.869221303,81.31209485,PWD,BLDG,8,7,2014,83,66,64,29.74,10,15,T,6,Rain,218,1,0
604,26440101009,155.6206135,0.869351501,80.66652798,PWD,BLDG,9,7,2014,81,64,65,29.81,10,14,0,5,,221,1,0
605,26440101009,138.3640257,0.847272445,73.63863086,PWD,BLDG,1,8,2014,74,64,73,30.2,10,9,0,4,,177,1,0
606,26440101009,96.53387675,0.815422771,51.82570616,PWD,BLDG,10,8,2014,73,57,59,30.11,10,8,0,2,,97,0,0
607,26440101009,142.0156429,0.830454252,70.91817986,PWD,BLDG,11,8,2014,75,59,62,30.12,10,9,0,2,,189,1,0
608,26440101009,146.0023008,0.836325736,72.51222656,PWD,BLDG,12,8,2014,73,62,71,30.09,10,9,0,5,,154,1,0
609,26440101009,141.4301497,0.839670124,69.77925168,PWD,BLDG,13,8,2014,67,64,91,29.79,5,14,1.06,8,Rain,111,1,0
610,26440101009,133.0089546,0.837667985,67.90993973,PWD,BLDG,14,8,2014,70,53,63,29.77,10,12,0,2,,273,1,0
611,26440101009,127.3090625,0.840039268,63.41151026,PWD,BLDG,15,8,2014,68,52,63,29.88,10,8,T,6,Rain,269,1,0
612,26440101009,105.3899391,0.822718406,55.23573429,PWD,BLDG,16,8,2014,70,52,55,29.93,10,12,0,7,,234,0,0
613,26440101009,92.81208782,0.827891572,50.51759842,PWD,BLDG,17,8,2014,73,58,69,29.82,10,9,T,5,,260,0,0
614,26440101009,134.9019092,0.848434069,67.09564105,PWD,BLDG,18,8,2014,71,51,54,29.82,10,10,0,2,,311,1,0
615,26440101009,134.1333099,0.844224534,65.1858881,PWD,BLDG,19,8,2014,67,52,61,29.91,10,8,0,1,,89,1,0
616,26440101009,106.1064519,0.811043888,61.58113161,PWD,BLDG,2,8,2014,67,61,86,30.19,8,5,0.03,7,Rain,102,0,0
617,26440101009,136.0760062,0.843087167,66.97902629,PWD,BLDG,20,8,2014,67,58,73,30.02,10,5,0,2,,94,1,0
618,26440101009,138.4201749,0.848136229,68.47375367,PWD,BLDG,21,8,2014,66,62,85,30.08,10,6,0,6,,60,1,0
619,26440101009,131.3293395,0.840524236,66.82389546,PWD,BLDG,22,8,2014,68,62,81,30.09,10,10,0.08,7,Rain,34,1,0
620,26440101009,108.7333484,0.82681464,55.96143409,PWD,BLDG,23,8,2014,67,58,76,30.12,10,9,0,4,,32,0,0
621,26440101009,92.5059988,0.824616675,49.08356552,PWD,BLDG,24,8,2014,69,54,59,30.13,10,6,0,2,,125,0,0
622,26440101009,138.7886071,0.884032672,70.17331369,PWD,BLDG,25,8,2014,74,60,64,30.12,10,7,0,1,,104,1,0
623,26440101009,145.7743809,0.83884511,71.73594261,PWD,BLDG,26,8,2014,75,63,72,30.1,10,11,0,1,,185,1,0
624,26440101009,149.1273455,0.824970741,73.06506964,PWD,BLDG,27,8,2014,79,64,63,29.92,10,13,0.02,3,Rain,226,1,0
625,26440101009,143.0840484,0.865726143,70.20535266,PWD,BLDG,28,8,2014,73,54,59,29.84,10,13,0,3,,326,1,0
626,26440101009,129.7528533,0.856254505,64.98390089,PWD,BLDG,29,8,2014,65,52,69,30.16,10,10,0,2,,57,1,0
627,26440101009,88.17733174,0.791500522,52.67639085,PWD,BLDG,3,8,2014,66,60,85,30.11,9,5,T,7,Rain,73,0,0
628,26440101009,102.0630882,0.803733702,55.81760039,PWD,BLDG,30,8,2014,69,56,66,30.23,10,10,0,2,,194,0,0
629,26440101009,97.66947707,0.803231758,54.25459444,PWD,BLDG,31,8,2014,76,69,81,30.02,9,13,0.54,7,Rain,217,0,0
630,26440101009,140.1609061,0.844338898,76.13624713,PWD,BLDG,4,8,2014,71,65,81,30.02,9,8,T,3,,185,1,0
631,26440101009,143.2755538,0.858103982,72.92733472,PWD,BLDG,5,8,2014,76,66,74,29.96,10,8,0,2,,163,1,0
632,26440101009,142.9322318,0.856728885,74.21048288,PWD,BLDG,6,8,2014,77,60,53,29.83,10,8,0.01,6,,319,1,0
633,26440101009,136.489108,0.842304658,72.73586383,PWD,BLDG,7,8,2014,72,54,60,29.88,10,8,0.01,3,Rain,299,1,0
634,26440101009,134.5614609,0.83470147,69.62108335,PWD,BLDG,8,8,2014,73,53,53,29.98,10,10,0,2,,302,1,0
635,26440101009,112.6840407,0.816713959,59.09910176,PWD,BLDG,9,8,2014,72,56,56,30.06,10,8,0,1,,195,0,0
636,26440101009,104.3247402,0.801340704,58.15638762,PWD,BLDG,1,9,2014,79,70,74,29.94,10,8,0,5,,188,1,1
637,26440101009,143.7154569,0.873134861,68.66177729,PWD,BLDG,10,9,2014,65,59,82,30.13,9,8,0,6,,32,1,0
638,26440101009,148.9067992,0.865360179,70.77357796,PWD,BLDG,11,9,2014,71,62,79,29.91,8,13,0,7,,200,1,0
639,26440101009,133.9402532,0.872259853,64.83873199,PWD,BLDG,12,9,2014,62,50,63,30.08,10,9,0,2,,337,1,0
640,26440101009,97.07854797,0.791009028,53.55226717,PWD,BLDG,13,9,2014,60,53,80,30.2,9,11,0.13,7,Rain,22,0,0
641,26440101009,86.68929171,0.7889065,47.8327298,PWD,BLDG,14,9,2014,59,47,68,30.18,10,10,0,3,,309,0,0
642,26440101009,123.3501404,0.881196919,58.34420753,PWD,BLDG,15,9,2014,58,45,61,30.18,10,7,0,2,,35,1,0
643,26440101009,131.2106811,0.892542364,59.82303012,PWD,BLDG,16,9,2014,60,52,74,30.01,10,5,T,5,Rain,175,1,0
644,26440101009,131.1845167,0.891420677,60.89988791,PWD,BLDG,17,9,2014,62,50,66,29.98,10,7,0,1,,213,1,0
645,26440101009,130.8426539,0.913674178,61.5889943,PWD,BLDG,18,9,2014,65,47,54,29.99,10,7,0,3,,322,1,0
646,26440101009,121.7278788,0.911572624,58.02541364,PWD,BLDG,19,9,2014,51,35,53,30.36,10,10,0,2,,59,1,0
647,26440101009,163.489017,0.872572013,78.290444,PWD,BLDG,2,9,2014,82,71,70,29.84,10,9,0.01,3,Rain-Thunderstorm,214,1,0
648,26440101009,97.31514189,0.821991886,51.79094706,PWD,BLDG,20,9,2014,60,48,66,30.26,10,12,0,3,,189,0,0
649,26440101009,86.52300547,0.812827061,48.17944961,PWD,BLDG,21,9,2014,73,64,80,29.78,10,8,0.01,7,Rain,170,0,0
650,26440101009,130.0584965,0.880843577,63.55510273,PWD,BLDG,22,9,2014,64,52,66,29.73,10,15,0,2,,266,1,0
651,26440101009,129.7335558,0.896665147,62.62670851,PWD,BLDG,23,9,2014,61,41,51,30.26,10,7,0,2,,280,1,0
652,26440101009,130.2375724,0.905223351,64.06141772,PWD,BLDG,24,9,2014,60,51,74,30.57,10,10,0,3,,52,1,0
653,26440101009,131.8913037,0.931336851,63.28152153,PWD,BLDG,25,9,2014,58,51,76,30.41,10,7,0,6,,47,1,0
654,26440101009,129.3548342,0.899410475,61.26442754,PWD,BLDG,26,9,2014,62,51,68,30.2,10,5,0,3,,27,1,0
655,26440101009,104.4749629,0.843606623,56.71489967,PWD,BLDG,27,9,2014,71,55,62,30.15,10,5,0,0,,249,0,0
656,26440101009,90.98566415,0.840021363,51.24766782,PWD,BLDG,28,9,2014,74,60,65,30.07,10,5,0,1,,211,0,0
657,26440101009,137.7279923,0.927904396,66.84343986,PWD,BLDG,29,9,2014,66,58,75,29.98,8,10,T,6,Rain,14,1,0
658,26440101009,155.1483453,0.870190812,77.13546131,PWD,BLDG,3,9,2014,79,59,62,29.92,10,12,0,3,,279,1,0
659,26440101009,133.3809913,0.919782126,62.35593289,PWD,BLDG,30,9,2014,57,55,97,30.02,8,9,0.18,8,Rain,20,1,0
660,26440101009,156.3798099,0.894119191,76.24193029,PWD,BLDG,4,9,2014,75,57,58,30.13,10,8,0,1,,233,1,0
661,26440101009,158.4958724,0.863984483,76.46699092,PWD,BLDG,5,9,2014,79,65,63,30.08,10,12,0,1,,212,1,0
662,26440101009,119.7433138,0.850476527,66.52274694,PWD,BLDG,6,9,2014,81,69,68,29.87,9,15,0.22,5,Rain-Thunderstorm,246,0,0
663,26440101009,92.99684479,0.791923264,53.87398517,PWD,BLDG,7,9,2014,70,57,59,30.06,10,8,0.15,4,Rain,5,0,0
664,26440101009,149.802342,0.888092181,68.2825697,PWD,BLDG,8,9,2014,65,54,69,30.34,10,10,0,3,,51,1,0
665,26440101009,144.992827,0.870797857,67.26969422,PWD,BLDG,9,9,2014,65,56,74,30.29,10,10,0,5,,59,1,0
